Workbook

Sheet Parin
A1: Site Detail
A3: Sr No | B3: Site Code | C3: Cluster | D3: Site Address | E3: Country | F3: State | G3: Region | H3: Type of Site | I3: Climatic Zone | J3: Sector | K3: Entity Owner | L3: Percentage
A4: 1 | B4: Parin | C4: India | D4: M/s Bagmane Developers Pvt. Ltd. CV raman nagar, Bangalore - 560093 | E4: India | F4: Karnataka | G4: South | H4: Multi Tenant | I4: Moderate | J4: Office | K4: BDPL | L4: 1
A8: Building Name | B8: Building Type | C8: Green Certification | D8: Total Construction Area | E8: Total Saleable Area | F8: Total Landscaping Area | G8: Facade Area | H8: Building Construction Start Date | I8: Building Completion Date | J8: Building Handover Start Date | K8: Building Handover End Date
A9: Parin | B9: REIT | C9: LEED-Platinum | D9: 44520.716 Sq. mtrs. | E9: 44520.716 Sq. mtrs. | F9: 6500 sq.ft | G9: 112003 sq.ft | H9: 2006 | I9: 2007 | J9: 2007 | K9: 2007
D10: 479216.99 sft | E10: 479216.99 sft | F10: 6500 sq.ft | G10: 112003 sq.ft
H12: 479217
A13: Floor Area Details
A14: Building Name | B14: Status | C14: Floor | D14: Floor Area (in sqft) | E14: Unit | G14: As per Fire NOC
A15: Parin | B15: Leased | C15: Ground Floor | D15: 33187.5 | G15: 1,491.17 Sq. mtrs. | H15: =CONVERT(H12,"ft^2","m^2") -> 44520.716
A16: Parin | B16: Leased | C16: 1st floor | D16: 30392.44 | G16: 448.31 Sq. mtrs. | H16: 44520.716
A17: Parin | B17: Leased | C17: 2nd floor | D17: 32199.27 | G17: 1,432.29 Sq. mtrs.
A18: Parin | B18: Leased | C18: 3rd floor | D18: 32199.27 | G18: 1,362.50 Sq. mtrs.
A19: Parin | B19: Leased | C19: 4th floor | D19: 32199.27 | G19: 62.05 Sq. mtrs.
A20: Parin | B20: Leased | C20: 5th floor | D20: 32199.27 | G20: 12,319.56 Sq. Mtrs.
A21: Parin | B21: Leased | C21: 6th floor | D21: 32199.27 | G21: 10,040.18 Sq. Mtrs.
A22: Parin | B22: Leased | C22: 7th floor | D22: 32199.27 | G22: 11,379.50 Sq. Mtrs.
A23: Parin | B23: Leased | C23: 8th floor | D23: 32199.27 | G23: 12,168.35 Sq. Mtrs.
A24: Parin | B24: Leased | C24: Terrace | D24: 31628.46 | G24: 2,092.55 Sq. Mtrs.
A26: Site Operational Details
A27: Type of connection | B27: No Of HT Meters | C27: No Of LT Meters (KWH) | D27: No Of Ammeters | E27: No Of Voltmeters | F27: Type Of Tarrif | G27: Service Provider | H27: Connected Load (KVA) | I27: Sanction Load(KVA) | J27: Contract Demand (KVA) | K27: Maximum Demand (KVA) | L27: Billing Demand (KVA) | M27: STP-Methodology | N27: STP Capacity (KLD)
A28: HT - Parin A Block | B28: 2 | C28: 52 | D28: 26 | E28: 14 | F28: 1 HT2B | G28: BESCOM | H28: 2400 | I28: 2400 | J28: 2400 | K28: 539 | L28: 2160 | M28: MBR | N28: 200
A29: HT - Parin B Block | B29: 7 | F29: 1 HT2B | G29: BESCOM | H29: 7499 | I29: 7499 | J29: 7499 | K29: 5108 | L29: 6749
A31: Air-condition Details
A32: Type of Air-condition | B32: Total HVAC Load (in TR)
A34: Air Cooled Chiller (2 Nos.)(A block) | B34: 640
A37: Water Source Details
A38: Type of Water Source | B38: Water Input (in KLD)
A39: Tanker | B39: 1472.46
A40: Borewell | B40: 255.3
A41: STP | B41: 2345.9
A43: Water Tank Details
A44: Type of Water Tank | B44: Location of Tank | C44: Tank Capacity(in KL) | D44: Size of Tank(in cu.ft.)
A45: Fire Water tank-1 (A block) | B45: Ground | C45: 260 | D45: =C45*35.3146 -> 9181.796
A46: Fire Water tank-2 (B block) | B46: Ground | C46: 260 | D46: =C46*35.3146 -> 9181.796
A47: Raw Water tank-1 (A block) | B47: Ground | C47: 50 | D47: =C47*35.3146 -> 1765.73
A48: Raw Water tank-2 (B block) | B48: Ground | C48: 50 | D48: =C48*35.3146 -> 1765.73
A49: Treated Water tank-1 (A block) | B49: Ground | C49: 50 | D49: =C49*35.3146 -> 1765.73
A50: Treated Water tank-2 (B block) | B50: Ground | C50: 50 | D50: =C50*35.3146 -> 1765.73
A51: Fire Water tank-1 | B51: Terrace | C51: 50 | D51: =C51*35.3146 -> 1765.73
A52: Fire Water tank-2 | B52: Terrace | C52: 50 | D52: =C52*35.3146 -> 1765.73
A53: Domestic Treated Water tank - 1 | B53: Terrace | C53: 30 | D53: =C53*35.3146 -> 1059.438
A54: Domestic Treated Water tank - 2 | B54: Terrace | C54: 30 | D54: =C54*35.3146 -> 1059.438
A55: STP- Flushing-1 | B55: Terrace | C55: 30 | D55: =C55*35.3146 -> 1059.438
A56: STP- Flushing-2 | B56: Terrace | C56: 30 | D56: =C56*35.3146 -> 1059.438
... A62: STP Final tank | B62: STP | C62: 200 | D62: =C62*35.3146 -> 7062.92
A65: Parking Floor Details
A66: Floor | B66: As Per Plan | C66: As Per Actual | D66: Stack | E66: Open | F66: Covered | G66: Visitor | H66: Reserved Parking | I66: 2W EV Parking | J66: 4W EV Parking
A67: Ground Floor | B67: =57+49 -> 106 | C67: =57+49 -> 106 | D67: 0 | E67: 49 | F67: 57 | G67: 0 | H67: 0 | I67: 0 | J67: 0
A68: 1st Floor | B68: 72 | C68: 72 | D68: 0 | E68: 0 | F68: 72 | G68: 0 | H68: 0 | I68: 0 | J68: 11
A70: Additional Parking Floor Details
A71: Floor | B71: As Per Plan | C71: As Per Actual | D71: Stack | E71: Open | F71: Covered | G71: Visitor | H71: Reserved Parking | I71: 2W EV Parking | J71: 4W EV Parking
A72: 0 | B72: 0 | C72: 0 | D72: 0 | E72: 0 | F72: 0 | G72: 0 | H72: 0 | I72: 0 | J72: 0
A73: 0 | B73: 0 | C73: 0 | D73: 0 | E73: 0 | F73: 0 | G73: 0 | H73: 0 | I73: 0 | J73: 0
B75: Type of Staircase | C75: Quantity | D75: Type of Shaft | E75: Quantity | F75: Type of Gate | G75: Quantity | H75: Type of Basement | I75: Area (Sq. Ft) | J75: Quantity
A76: Parin(A block) | B76: Staircase | C76: 3 | D76: Plumbing | E76: 1 | F76: Entry Gate | G76: 1 | H76: Basement 3 | J76: 1
D77: IDF (Communication) | E77: 1 | F77: Exit Gate | G77: 1 | H77: Basement 2 | J77: 1
D78: HVAC | E78: 2 | F78: Vendor Movement Gate | G78: 0 | H78: Basement 1 | J78: 1
D79: Fire | E79: 3 | F79: HSD Yard Gate | G79: 1
D80: Ventilation (Pressurization) | E80: 0 | F80: Building Entry Exit Gates | G80: 0
D81: Electrical | E81: 1
D82: General Shafts (Empty) | E82: 0
A84: Tenant Floor Details
A85: Building Name | B85: Floor | C85: Unit | D85: Carpet Area(in sqft) | E85: Leased Area(in sqft) | F85: Super Built-up Area (in sqft)
A86: Parin | B86: Ground Floor | D86: 33187.5 | E86: 20548.74 | F86: 20548.74
A87: Parin | B87: 1st floor | D87: 30392.44 | E87: 20568.11 | F87: 20568.11 | H87: Data from DBR for reference
A88: Parin | B88: 2nd floor | D88: 32199.27 | E88: 32199.27 | F88: 32199.27 | J88: Carpet Area + Service Area + Balcony | K88: SBU
A89: Parin | B89: 3rd floor | D89: 32199.27 | E89: 32199.27 | F89: 32199.27 | H89: SBU - PHE
A90: Parin | B90: 4th floor | D90: 32199.27 | E90: 32199.27 | F90: 32199.27 | H90: Sq.ft | I90: Sq.Mts | J90: (sqft) | K90: (sqft)
A91: Parin | B91: 5th floor | D91: 32199.27 | E91: 32199.27 | F91: 32199.27 | H91: =I91*10.76 -> 61961.03 | I91: 5758.46 | J91: 55327.92 | K91: 69070.92
A92: Parin | B92: 6th floor | D92: 32199.27 | E92: 32199.27 | F92: 32199.27 | H92: =I92*10.76 -> 122590.29 | I92: 11393.15 | J92: 85854.04 | K92: 106874.76
A93: Parin | B93: 7th floor | D93: 32199.27 | E93: 32199.27 | F93: 32199.27 | H93: =I93*10.76 -> 136128.53 | I93: 12651.35 | J93: 104737.84 | K93: 131377.35
A94: Parin | B94: 8th floor | D94: 32199.27 | E94: 32199.27 | F94: 32199.27 | H94: =I94*10.76 -> 139947.47 | I94: 13006.27 | J94: 116853.6 | K94: 146866.94
A95: Parin | B95: Terrace | D95: 42388.28 | E95: 26551.55 | F95: 26551.55 | H95: =I95*10.76 -> 139578.5 | I95: 12971.98 | J95: 117197.92 | K95: 147253.22
H96: =I96*10.76 -> 140750.81 | I96: 13080.93 | J96: 108407 | K96: 136344.69
H97: =I97*10.76 -> 139578.5 | I97: 12971.98 | J97: 117197.92 | K97: 147253.22
H98: =I98*10.76 -> 139947.47 | I98: 13006.27 | J98: 116853.6 | K98: 146866.94
H99: =I99*10.76 -> 140578.22 | I99: 13064.89 | J99: 117197.92 | K99: 147253.22
H100: =I100*10.76 -> 139751.2 | I100: 12988.03 | J100: 108407 | K100: 136344.69
H101: =I101*10.76 -> 140043.55 | I101: 13015.2 | J101: 117219.44 | K101: 147217.31
H102: =I102*10.76 -> 140043.55 | I102: 13015.2 | J102: 108794.36 | K102: 136765.43
A108: Multiple selection of Building & Floor
A110: Tenant Details
A111: Client Name | B111: Client Common Name | C111: Client Agreement Cost | D111: Agreement No | E111: No of Employee | F111: No of OutSource Staff | G111: Total Employees | H111: Parking as per agreement | I111: Free Parking | J111: Paid Parking
A112: Volvo | B112: Volvo | E112: 1790 | F112: 40 | G112: =E112+F112 -> 1830 | H112: 303 | I112: 0 | J112: 303
A115: Parking Bifurcation
A116: Parking Commercial Arrangement | B116: Parking Allocated | C116: Parking Location | D116: Type of Parking
A117: Paid | C117: Basement 3 | D117: Stack
A118: Paid | C118: Basement 3 | D118: Single
A119: Paid | C119: Basement 2 | D119: Single
A120: Paid | C120: Basement 1 | D120: Stack
A124: Client Name | B124: Employee Name | C124: Email | D124: Mobile | E124: Designation
A125: Volvo | B125: Mr. Vinod Ugare | C125: vinod.ugare@volvo.com | D125: 9663844334 | E125: Admin
A126: Dell | B126: Mr. Suresh | C126: Suresh.S.Kumar@dell.com | E126: Admin
A129: Site Organogram Details
A131: Cluster Head | B131: Complex Head | C131: Building Manager | D131: Shift Manager | E131: Cluster Technical SME | F131: Cluster Soft SME | G131: Cluster QHSE SME | H131: Cluster Horti SME | I131: Cluster Security SME | J131: Cluster Transition SME | K131: Cluster HVAC SME | L131: Cluster Electrical SME
A132: Manjunath KN | B132: Subramani S | C132: Ramesh Paul S | E132: Rajshekar A S | F132: Venkatesh | G132: Deepak Mulley | H132: Suresh | I132: Karunakaran | J132: Prasad BS | L132: Rajashekar AS
E133: Raghu B T
E134: Saravanan R M
C155: 15. UG STP WATER TANK
...

Sheet Laurel
A1: Site Detail
A3: Sr No | B3: Site Code | C3: Cluster | D3: Site Address | E3: Country | F3: State | G3: Region | H3: Type of Site | I3: Climatic Zone | J3: Sector | K3: Entity Owner | L3: Percentage
A4: 1 | B4: Laurel | C4: India | D4: M/s Bagmane Developers Pvt. Ltd. Bagmane Tech Park, CV Ramana Nagar Bangalore-560093 | E4: India | F4: Karnataka | G4: East | H4: Multi-Tenant | I4: Moderate | J4: Office | K4: Bagmane Developers Pvt. Ltd. | L4: 1
A8: Building Name | B8: Building Type | C8: Green Certification | D8: Total Construction Area | E8: Total Saleable Area | F8: Total Landscaping Area | G8: Facade Area | H8: Building Construction Start Date | I8: Building Completion Date | J8: Building Handover Start Date | K8: Building Handover End Date
A9: LAUREL | B9: REIT | D9: 70029.64 Sq. mtrs. | E9: 71943.02 Sq. mtrs. | F9: 24000 sq.ft | G9: 99897 sq.ft | H9: 2005 | I9: 2008 | J9: 2008
D10: 753792.77 sft. | E10: 774388.22 sft.
A13: Floor Area Details
A14: Building Name | B14: Status | C14: Floor | D14: Floor Area (in sqft) | E14: Unit | G14: As per Fire NOC
A15: Utility Block | B15: Leased | C15: Ground Floor
A16: Utility Block | B16: Leased | C16: 1st floor
A17: Utility Block | B17: Leased | C17: 2nd floor
A18: Utility Block | B18: Leased | C18: 3rd floor
A19: Utility Block | B19: Leased | C19: Terrace | G19: 16602.12 Sq.Mt
A20: Office Block | B20: Leased | C20: Ground floor | G20: 13328.96 Sq.Mt
A21: Office Block - A Block | B21: Leased | C21: 1st floor | D21: 22052 | G21: 8407 Sq.Mtr
A22: Office Block- A Block | B22: Leased | C22: 2nd floor | D22: 22035 | G22: 7779 Sq.Mtr
A23: Office Block- A Block | B23: Leased | C23: 3rd floor | D23: 23496 | G23: 8202.31 Sq.Mtr
A24: Office Block- A Block | B24: Leased | C24: 4th floor | D24: 23496 | G24: 8193.44 Sq.Mtr
A25: Office Block- A Block | B25: Leased | C25: 5th floor | D25: 23496 | G25: 8193.44 Sq.Mtr
A26: Office Block- A Block | B26: Leased | C26: 6th floor | D26: 23495 | G26: 8193.44 Sq.Mtr
A27: Office Block- A Block | B27: Leased | C27: 7th floor | D27: 26326 | G27: 7720 Sq.Mtr
A28: Office Block- A Block | B28: Leased | C28: 8th floor | D28: 22922 | G28: 7720 Sq.Mtr
A29: Office Block - B Block | B29: Leased | C29: 1st floor | D29: 23593
A30: Office Block- B Block | B30: Leased | C30: 2nd floor | D30: 18136
A31: Office Block- B Block | B31: Leased | C31: 3rd floor | D31: 26172
A32: Office Block- B Block | B32: Leased | C32: 4th floor | D32: 26172
A33: Office Block- B Block | B33: Leased | C33: 5th floor | D33: 26172
A34: Office Block- B Block | B34: Leased | C34: 6th floor | D34: 26172
A35: Office Block- B Block | B35: Leased | C35: 7th floor | D35: 18333
A36: Office Block- B Block | B36: Leased | C36: 8th floor | D36: 26091
A37: Office Block - C Block | B37: Leased | C37: 1st floor | D37: 26091
A38: Office Block - C Block | B38: Leased | C38: 2nd floor | D38: 26091
A39: Office Block - C Block | B39: Leased | C39: 3rd floor | D39: 26172
A40: Office Block - C Block | B40: Leased | C40: 4th floor | D40: 26172
... A52: Office Block - D Block | B52: Leased | C52: 8th floor | D52: 23533
A58: Site Operational Details
A59: Type of connection | B59: No Of HT Meters | C59: No Of LT Meters (KWH) | D59: No Of Ammeters | E59: No Of Voltmeters | F59: Type Of Tarrif | G59: Service Provider | H59: Connected Load (KVA) | I59: Sanction Load(KVA) | J59: Contract Demand (KVA) | K59: Maximum Demand (KVA) | L59: Billing Demand (KVA) | M59: STP-Methodology | N59: STP Capacity (KLD)
A60: HT - Office Block | B60: 2 | C60: 170 | D60: 83 | E60: 47 | F60: Commercial-HT2B1 | G60: BESCOM | H60: 7938 | I60: 9000 | J60: 9000 | K60: 5000 | L60: 8100 | M60: MBR | N60: 330
A62: Air-condition Details
A63: Type of Air-condition | B63: Total HVAC Load (in TR)
A64: Water Cooled Chiller (2 Nos.)
A65: Air Cooled Chiller (5 Nos.) | B65: 2100
A68: Water Source Details
A69: Type of Water Source | B69: Water Input (in KLD)
A70: Tanker | B70: 90
A71: Borewell | B71: 35
A72: STP | B72: 100
A74: Water Tank Details
A75: Type of Water Tank | B75: Location of Tank | C75: Tank Capacity(in KL) | D75: Size of Tank(in cu.ft.)
A76: Fire Water tank-1 | B76: Basement-1 | C76: 260 | D76: =C76*35.3146 -> 9181.796
A77: Fire Water tank-2 | B77: Basement-1 | C77: 260 | D77: =C77*35.3146 -> 9181.796
A78: Raw Water tank #1 | B78: Basement-2 | C78: 110 | D78: =C78*35.3146 -> 3884.606
A79: Raw Water tank #2 | B79: Basement-2 | C79: 110 | D79: =C79*35.3146 -> 3884.606
A80: Treated water tank #1 | B80: Ground | C80: 110 | D80: =C80*35.3146 -> 3884.606
A81: Treated water tank #2 | B81: Ground | C81: 110 | D81: =C81*35.3146 -> 3884.606
A82: Fire Water tank-1 | B82: Terrace | C82: 80 | D82: =C82*35.3146 -> 2825.168
A83: Fire Water tank-2 | B83: Terrace | C83: 80 | D83: =C83*35.3146 -> 2825.168
A84: Domestic Treated Water tank - 1 | B84: Terrace | C84: 75 | D84: =C84*35.3146 -> 2648.595
A85: Domestic Treated Water tank - 2 | B85: Terrace | C85: 75 | D85: =C85*35.3146 -> 2648.595
A86: Flushing water tank #1 | B86: Terrace | C86: 33 | D86: =C86*35.3146 -> 1165.3818
A87: Flushing water tank #2 | B87: Terrace | C87: 33 | D87: =C87*35.3146 -> 1165.3818
... A102: UB OHT Makeup tank | B102: Terrace - Utility Block | C102: 50 | D102: =C102*35.3146 -> 1765.73
A105: Parking Floor Details
A106: Floor | B106: As Per Plan | C106: As Per Actual | D106: Stack | E106: Open | F106: Covered | G106: Visitor | H106: Reserved Parking | I106: 2W Parking | J106: 4W Parking
A107: External | B107: 730 | C107: 20 | D107: 0 | E107: 20 | F107: 0 | G107: 0 | H107: 0 | I107: 0 | J107: 0
A108: Ground floor | B108: 352 | C108: 353 | D108: 0 | E108: 0 | F108: 352 | G108: 0 | H108: 0 | I108: 0 | J108: 0
A109: Basement 1 | B109: 550 | C109: 550 | D109: 0 | E109: 0 | F109: 550 | G109: 0 | H109: 0 | I109: 0 | J109: 0
A111: Additional Parking Floor Details
A112: Floor | B112: As Per Plan | C112: As Per Actual | D112: Stack | E112: Open | F112: Covered | G112: Visitor | H112: Reserved Parking | I112: 2W EV Parking | J112: 4W EV Parking
A113: 0 | B113: 0 | C113: 0 | D113: 0 | E113: 0 | F113: 0 | G113: 0 | H113: 0 | I113: 0 | J113: 0
A114: 0 | B114: 0 | C114: 0 | D114: 0 | E114: 0 | F114: 0 | G114: 0 | H114: 0 | I114: 0 | J114: 0
B116: Type of Staircase | C116: Quantity | D116: Type of Shaft | E116: Quantity | F116: Type of Gate | G116: Quantity | H116: Type of Basement | I116: Area (Sq. Ft) | J116: Quantity
A117: Laurel | B117: Staircase | C117: 8 | D117: Plumbing | E117: 4 | F117: Entry Gate | G117: 1 | H117: Basement 3 | I117: 262237.02 | J117: 1
D118: IDF (Communication) | E118: 5 | F118: Exit Gate | G118: 1 | H118: Basement 2 | I118: 251000.15 | J118: 1
D119: HVAC | E119: 8 | F119: Vendor Movement Gate | G119: 0 | H119: Basement 1 | I119: 250942.68 | J119: 1
D120: Fire | E120: 10 | F120: HSD Yard Gate | G120: 0
D121: Ventilation (Pressurization) | E121: 12 | F121: Building Entry Exit Gates | G121: 0
D122: Electrical | E122: 4
D123: General Shafts (Empty) | E123: 0
A125: Tenant Floor Details
A126: Building Name | B126: Floor | C126: Unit | D126: Carpet Area(in sqft) | E126: Leased Area(in sqft) | F126: Super Built-up Area (in sqft)
B127: Office Block - A Block | C127: Leased | D127: 1st floor | E127: 22052
B128: Office Block- A Block | C128: Leased | D128: 2nd floor | E128: 22035
B129: Office Block- A Block | C129: Leased | D129: 3rd floor | E129: 23496
B130: Office Block- A Block | C130: Leased | D130: 4th floor | E130: 23496
B131: Office Block- A Block | C131: Leased | D131: 5th floor | E131: 23496
B132: Office Block- A Block | C132: Leased | D132: 6th floor | E132: 23495
B133: Office Block- A Block | C133: Leased | D133: 7th floor | E133: 26326
B134: Office Block- A Block | C134: Leased | D134: 8th floor | E134: 22922
B135: Office Block - B Block | C135: Leased | D135: 1st floor | E135: 23593
B136: Office Block- B Block | C136: Leased | D136: 2nd floor | E136: 18136
B137: Office Block- B Block | C137: Leased | D137: 3rd floor | E137: 26172
B138: Office Block- B Block | C138: Leased | D138: 4th floor | E138: 26172
... B158: Office Block - D Block | C158: Leased | D158: 8th floor | E158: 23533
A161: Multiple selection of Building & Floor
A163: Tenant Details
A164: Client Name | B164: Client Common Name | C164: Client Agreement Cost | D164: Agreement No | E164: No of Employee | F164: No of OutSource Staff | G164: Total Employees | H164: Parking as per agreement | I164: Free Parking | J164: Paid Parking
A165: Open Text | B165: Open Text | E165: 1250 | F165: 55 | G165: =F165+E165 -> 1305 | H165: 365 | I165: 0 | J165: 365
A166: Infenion | B166: Infenion | E166: 1232 | F166: 55 | G166: =F166+E166 -> 1287 | H166: 334 | I166: 0 | J166: 334
A167: Volvo | B167: Volvo | E167: 350 | F167: 40 | G167: =F167+E167 -> 390 | H167: 102 | I167: 0 | J167: 102
...

Sheet Laurel 1
F4: Area (Sft) | I4: Parking Details
B5: Building Name | C5: Block | D5: Client Name | E5: Floor | F5: Carpet Area(in sqft) | G5: Leased Area(in sqft) | H5: Super Built-up Area (in sqft) | I5: Parking Floor | J5: No. of parkings as per Plan | K5: No. of parkings as on Actuals | L5: No. of Stack Parking | M5: No. of Open Parking | N5: No. of Covered Parking | O5: No. of Visitors Parking | P5: No. of Reserved Parking | Q5: No. of 2W Parking | R5: No. of 4W Parking
B6: Laurel | C6: A | D6: Mphasis | E6: 1st
B7: Laurel | C7: A | D7: Opentext | E7: 2nd
B8: Laurel | C8: A | D8: Opentext | E8: 3rd
B9: Laurel | C9: A | D9: Volvo Group-India | E9: 4th
B10: Laurel | C10: A | D10: Opentext | E10: 5th
B11: Laurel | C11: A | D11: Volvo Group-India | E11: 6th
B12: Laurel | C12: A | D12: Infineon | E12: 7th
B13: Laurel | C13: A | D13: Opentext | E13: 8th
B14: Laurel | C14: B | D14: SIMA | E14: 1st
B15: Laurel | C15: B | D15: Volvo | E15: 1st
B16: Laurel | C16: B | D16: ROHM | E16: 1st
B17: Laurel | C17: B | D17: Mitsogo | E17: 1st
... B42: Laurel | C42: D | D42: Opentext | E42: 8th

Sheet Tridib
A1: Site Detail
A3: Sr No | B3: Site Code | C3: Cluster | D3: Site Address | E3: Country | F3: State | G3: Region | H3: Type of Site | I3: Climatic Zone | J3: Sector | K3: Entity Owner | L3: Percentage
A4: 1 | B4: Tridib | C4: India | D4: M/s Bagmane Developers Pvt. Ltd. Bagmane Tech Park, CV Raman Nagar-560093 | E4: India | F4: Karnataka | G4: East | H4: Multi-Tenant | I4: Moderate | J4: Office | K4: Bagmane Developers Pvt Ltd | L4: 1
A8: Building Name | B8: Building Type | C8: Green Certification | D8: Total Construction Area | E8: Total Saleable Area | F8: Total Landscaping Area | G8: Facade Area | H8: Building Construction Start Date | I8: Building Completion Date | J8: Building Handover Start Date | K8: Building Handover End Date
A9: Tridib | B9: REIT | C9: NA | D9: 63652.40 Sq. mtrs. | E9: 567991 Sq. ft. | F9: 14414.31 sq.ft | G9: 177636 sq.ft | H9: 2006 | I9: 2009 | J9: 2009 | K9: 2009
D10: 685148.73
D11: sft
A13: Floor Area Details
A14: Building Name | B14: Status | C14: Floor | D14: Floor Area (in sqft) | E14: Unit | G14: As per Fire NOC
A15: Office Block | B15: Leased | C15: Ground floor-A Block | D15: 33431 | G15: 6320 Sq. Mtrs.
A16: Office Block | B16: Leased | C16: 1st floor-A Block | D16: 33019 | G16: 5931 Sq. Mtrs.
A17: Office Block | B17: Leased | C17: 2nd floor-A Block | D17: 37149 | G17: 5931 Sq. Mtrs.
A18: Office Block | B18: Leased | C18: 3rd floor-A Block | D18: 36049 | G18: 5931 Sq. Mtrs.
A19: Office Block | B19: Leased | C19: 4th floor-A Block | D19: 36058 | G19: 6074 Sq. Mtrs.
A20: Office Block | B20: Leased | C20: 5th floor-A Block | D20: 36014 | G20: 5931 Sq. Mtrs.
A21: Office Block | B21: Leased | C21: 6th floor-A Block | D21: 36688 | G21: 6074 Sq. Mtrs.
A22: Office Block | B22: Leased | C22: 7th floor-A Block | D22: 35874 | G22: 6074 Sq. Mtrs.
A23: Office Block | B23: Leased | C23: Ground floor-B Block | D23: 33431 | G23: 5931 Sq. Mtrs.
A24: Office Block | B24: Leased | C24: 1st floor-B Block | D24: 33295
A25: Office Block | B25: Leased | C25: 2nd floor-B Block | D25: 36055
A26: Office Block | B26: Leased | C26: 3rd floor-B Block | D26: 36314
A27: Office Block | B27: Leased | C27: 4th floor-B Block | D27: 36055
A28: Office Block | B28: Leased | C28: 5th floor-B Block | D28: 35874
A29: Office Block | B29: Leased | C29: 6th floor-B Block | D29: 36281
A30: Office Block | B30: Leased | C30: 7th floor-B Block | D30: 36281
A31: Common | B31: Leased | C31: Upper Basement-parking | D31: 60435 | G31: 9592 Sq.Mtrs
A32: Common | B32: Leased | C32: Lower Baement-parking | D32: 92906
A33: Common | B33: Leased | C33: Terrace-café | D33: 61844
A35: Site Operational Details
A36: Type of connection | B36: No Of HT Meters | C36: No Of LT Meters (KWH) | D36: No Of Ammeters | E36: No Of Voltmeters | F36: Type Of Tarrif | G36: Service Provider | H36: Connected Load (KVA) | I36: Sanction Load(KVA) | J36: Contract Demand (KVA) | K36: Maximum Demand (KVA) | L36: Billing Demand (KVA) | M36: STP-Methodology | N36: STP Capacity (KLD)
A37: HT - Office Block | B37: 1 | C37: 145 | D37: 22 | E37: 11 | F37: Commercial-HT2B1 | G37: BESCOM | H37: 6500 | I37: 6500 | J37: 6500 | K37: 3000 | L37: 5850 | M37: ASP | N37: 200 KLD
A39: Air-condition Details
A40: Type of Air-condition | B40: Total HVAC Load (in TR)
A41: Water Cooled Chiller (2 Nos.) | B41: 0
A42: Air Cooled Chiller (3 Nos.) | B42: 1680
A45: Water Source Details-Per Day
A46: Type of Water Source | B46: Water Input (in KLD)
A47: Tanker | B47: 60
A48: Borewell | B48: 30
A49: STP | B49: 80
A51: Water Tank Details
A52: Type of Water Tank | B52: Location of Tank | C52: Tank Capacity(in KL) | D52: Size of Tank(in cu.ft.)
A53: Fire Water tank-1 | B53: Basement-2 | C53: 300 | D53: =C53*35.3146 -> 10594.38
A54: Raw Water tank | B54: Basement-2 | C54: 80 | D54: =C54*35.3146 -> 2825.168
A55: Treated Water tank | B55: Basement-2 | C55: 120 | D55: =C55*35.3146 -> 4237.752
A56: Fire Water tank-1 | B56: Terrace | C56: 60 | D56: =C56*35.3146 -> 2118.876
A57: Fire Water tank-2 | B57: Terrace | C57: 60 | D57: =C57*35.3146 -> 2118.876
A58: Domestic Treated Water tank - 1 | B58: Terrace | C58: 20 | D58: =C58*35.3146 -> 706.292
A59: Domestic Treated Water tank - 2 | B59: Terrace | C59: 20 | D59: =C59*35.3146 -> 706.292
A60: Flushing water tank-1 | B60: Terrace | C60: 30 | D60: =C60*35.3146 -> 1059.438
A61: Flushing water tank-2 | B61: Terrace | C61: 30 | D61: =C61*35.3146 -> 1059.438
A62: STP Raw Water Tank | B62: Ground Floor External | C62: 130 | D62: =C62*35.3146 -> 4590.898
A63: STP Aeriation tank | B63: Ground Floor External | C63: 200 | D63: =C63*35.3146 -> 7062.92
A64: STP secondary clarifier | B64: Ground Floor External | C64: 70 | D64: =C64*35.3146 -> 2472.022
... A71: Storm water tank #4 | B71: Basement-2 | C71: 70 | D71: =C71*35.3146 -> 2472.022
A73: Parking Floor Details
A74: Floor | B74: As Per Plan | C74: As Per Actual | D74: Stack | E74: Open | F74: Covered | G74: Visitor | H74: Reserved Parking | I74: 2W EV Parking | J74: 4W EV Parking
A75: Basement 3 | D75: 0 | E75: 0 | F75: 0 | G75: 0 | H75: 0 | I75: 0 | J75: 0
A76: Basement 2 | C76: 302 | D76: 0 | E76: 0 | F76: 0 | G76: 0 | H76: 0 | I76: 0 | J76: 0
A77: Basement 1 | C77: 204 | D77: 0 | E77: 220 | F77: 0 | G77: 0 | H77: 0 | I77: 0 | J77: 0
A79: Additional Parking Floor Details
A80: Floor | B80: As Per Plan | C80: As Per Actual | D80: Stack | E80: Open | F80: Covered | G80: Visitor | H80: Reserved Parking | I80: 2W EV Parking | J80: 4W EV Parking
A81: 0 | B81: 0 | C81: 0 | D81: 0 | E81: 0 | F81: 0 | G81: 0 | H81: 0 | I81: 0 | J81: 0
A82: 0 | B82: 0 | C82: 0 | D82: 0 | E82: 0 | F82: 0 | G82: 0 | H82: 0 | I82: 0 | J82: 0
B84: Type of Staircase | C84: Quantity | D84: Type of Shaft | E84: Quantity | F84: Type of Gate | G84: Quantity | H84: Type of Basement | I84: Area (Sq. Ft) | J84: Quantity
A85: Tridib | B85: Staircase | C85: 4 | D85: Plumbing | E85: 2 | F85: Entry Gate | G85: 1 | H85: Basement 1 | I85: 60435 | J85: 1
D86: IDF (Communication) | E86: 2 | F86: Exit Gate | G86: 1 | H86: Basement 2 | I86: 92906 | J86: 1
D87: HVAC | E87: 2 | F87: Vendor Movement Gate | G87: 0
D88: Fire | E88: 6 | F88: HSD Yard Gate | G88: 1
D89: Ventilation (Pressurization) | E89: 0 | F89: Building Entry Exit Gates | G89: 2
D90: Electrical | E90: 2
D91: General Shafts (Empty) | E91: 0
A93: Tenant Floor Details
A94: Building Name | B94: Floor | C94: Unit | D94: Carpet Area(in sqft) | E94: Leased Area(in sqft) | F94: Super Built-up Area (in sqft)
B95: Ground floor-A Block | E95: 33431
B96: 1st floor-A Block | E96: 33019
B97: 2nd floor-A Block | E97: 37149
B98: 3rd floor-A Block | E98: 36049
B99: 4th floor-A Block | E99: 36058
B100: 5th floor-A Block | E100: 36014
B101: 6th floor-A Block | E101: 36688
B102: 7th floor-A Block | E102: 35874
B103: Ground floor-B Block | E103: 33431
B104: 1st floor-B Block | E104: 33295
B105: 2nd floor-B Block | E105: 36055
B106: 3rd floor-B Block | E106: 36314
... B110: 7th floor-B Block | E110: 36281
A117: Multiple selection of Building & Floor
A119: Tenant Details
A120: Client Name | B120: Client Common Name | C120: Client Agreement Cost | D120: Agreement No | E120: No of Employee | F120: No of OutSource Staff | G120: Total Employees | H120: Parking as per agreement | I120: Free Parking | J120: Paid Parking
A121: Volvo | B121: Volvo | E121: 1350 | F121: 50 | G121: =E121+F121 -> 1400 | H121: 222 | J121: 222
A122: Grant Thornton | E122: 1300 | F122: 30 | G122: =E122+F122 -> 1330 | H122: 186 | J122: 186
A123: Ivanti | E123: 190 | F123: 15 | G123: =E123+F123 -> 205 | H123: 60 | J123: 60
A124: Grant Thornton-India | E124: 250 | F124: 10 | G124: =E124+F124 -> 260 | H124: 34 | J124: 34
A125: Boeing India | E125: 225 | F125: 15 | G125: =E125+F125 -> 240 | H125: 49 | J125: 49
A126: Texas Instrument | E126: 230 | F126: 25 | G126: =E126+F126 -> 255 | H126: 47 | J126: 47
A127: CME Group | E127: 350 | F127: 20 | G127: =E127+F127 -> 370 | H127: 93 | J127: 93
A128: Kronos | E128: 55 | F128: 5 | G128: =E128+F128 -> 60 | H128: 15 | J128: 15
E129: =SUM(E121:E128) -> 3950 | F129: =SUM(F121:F128) -> 170 | G129: =SUM(G121:G128) -> 4120 | H129: =SUM(H121:H128) -> 706 | I129: =SUM(I121:I128) -> 0 | J129: =SUM(J121:J128) -> 706
A135: Parking Bifurcation
...

Sheet Crown
A1: Site Detail
A3: Sr No | B3: Site Code | C3: Cluster | D3: Site Address | E3: Country | F3: State | G3: Region | H3: Type of Site | I3: Climatic Zone | J3: Sector | K3: Entity Owner | L3: Percentage
A4: 1 | B4: BTP | C4: India | D4: M/s Bagmane Developers Pvt. Ltd. CV Raman nagara, Bangalore - 560093 | E4: India | F4: Karnataka | G4: East | H4: Singe Tenant | I4: Moderate | J4: Office | K4: Bagmane developers Private Limited (BRPL) | L4: 1
A8: Building Name | B8: Building Type | C8: Green Certification | D8: Total Construction Area | E8: Total Saleable Area | F8: Total Landscaping Area (SFT) | G8: Facade Area (SFT) | H8: Building Construction Start Date | I8: Building Completion Date | J8: Building Handover Start Date | K8: Building Handover End Date
A9: Crown | B9: REIT | C9: LEED | D9: 290709.13 | E9: 290709.13 | F9: 15096.28 | G9: 148706.21 | H9: 2004 | I9: 2006 | J9: 2007 | K9: 2007
A13: Floor Area Details
A14: Building Name | B14: Status | C14: Floor | D14: Floor Area (in sqft) | E14: Unit | G14: As per Fire NOC
A15: Lab Area | B15: Leased | C15: Ground Floor | D15: 25643.71 | E15: SFT | G15: 4338.10 Sq.mts
A16: Parking Area | B16: Leased | C16: 1st floor | D16: 7087.59 | E16: SFT | G16: 4447.67 Sq.mts
A17: Office Block & Café | B17: Leased | C17: 2nd floor | D17: 45969.67 | E17: SFT | G17: 3670.02 Sq. mtrs.
A18: Office Block | B18: Leased | C18: 3rd floor | D18: 35881.1 | E18: SFT | G18: 2821.00 Sq. mtrs.
A19: Office Block | B19: Leased | C19: 4th floor | D19: 35881.1 | E19: SFT | G19: 2821.00 Sq. mtrs.
A20: Office Block | B20: Leased | C20: 5th floor | D20: 35881.1 | E20: SFT | G20: 2821.00 Sq. mtrs.
A21: Office Block & Refuge | B21: Leased | C21: 6th floor | D21: 32602.62 | E21: SFT | G21: 2821.00 Sq. mtrs.
A22: Office Block | B22: Leased | C22: 7th floor | D22: 35881.1 | E22: SFT | G22: 2821.00 Sq. mtrs.
A23: Office Block | B23: Leased | C23: 8th floor | D23: 35881.1 | E23: SFT | G23: 2821.00 Sq. mtrs.
A25: Site Operational Details
A26: Type of connection | B26: No Of HT Meters | C26: No Of LT Meters (KWH) | D26: No Of Ammeters | E26: No Of Voltmeters | F26: Type Of Tarrif | G26: Service Provider | H26: Connected Load (KVA) | I26: Sanction Load(KVA) | J26: Contract Demand (KVA) | K26: Maximum Demand (KVA) | L26: Billing Demand (KVA) | M26: STP-Methodology | N26: STP Capacity (KLD)
A27: HT - Utility Block | B27: 2 | C27: 47 | D27: 58 | E27: 12 | F27: Commercial-S7HT51 | G27: BESCOM | H27: 2690 | I27: 2690 | J27: 2690 | K27: 1178 | L27: 2421 | M27: MBR | N27: 150
A30: Air-condition Details
A31: Type of Air-condition | B31: Total HVAC Load (in TR)
A32: Water Cooled Chiller (1 Nos.) | B32: 375
A33: Air Cooled Chiller (1 Nos.) | B33: 250
A36: Water Source Details
A37: Type of Water Source | B37: Water Input (in KLD)
A38: Tanker | B38: 30
A39: Borewell | B39: 50
A40: STP | B40: 150
A42: Water Tank Details
A43: Type of Water Tank | B43: Location of Tank | C43: Tank Capacity(in KL) | D43: Size of Tank(in cu.ft.)
A44: Fire Water tank-1 | B44: Ground floor | C44: 200 | D44: =C44*35.3146 -> 7062.92
A45: Buffer tank | B45: Ground floor | C45: 50 | D45: =C45*35.3146 -> 1765.73
A46: Raw Water tank | B46: Ground floor | C46: 60 | D46: =C46*35.3146 -> 2118.876
A47: Treated Water tank | B47: Ground floor | C47: 60 | D47: =C47*35.3146 -> 2118.876
A48: Fire Water tank-1 | B48: Terrace | C48: 30 | D48: =C48*35.3146 -> 1059.438
A49: Domestic Treated Water tank - 1 | B49: Terrace | C49: 30 | D49: =C49*35.3146 -> 1059.438
A50: Domestic Treated Water tank - 2 | B50: Terrace | C50: 30 | D50: =C50*35.3146 -> 1059.438
A51: Domestic Treated Water tank - 3 | B51: Terrace | C51: 30 | D51: =C51*35.3146 -> 1059.438
A52: Flushing Tank - 1 | B52: Terrace | C52: 30 | D52: =C52*35.3146 -> 1059.438
A53: Flushing Tank - 2 | B53: Terrace | C53: 30 | D53: =C53*35.3146 -> 1059.438
A54: Makeup tank - Cooling Tower | B54: Terrace | C54: 30 | D54: =C54*35.3146 -> 1059.438
A55: STP Final tank | B55: Ground floor | C55: 30 | D55: =C55*35.3146 -> 1059.438
... A59: Aeration tank | B59: Ground floor | C59: 65.8 | D59: =C59*35.3146 -> 2323.7007
A63: Parking Floor Details
A64: Floor | B64: As Per Plan | C64: As Per Actual | D64: Stack | E64: Open | F64: Covered | G64: Visitor | H64: Reserved Parking | I64: 2W EV Parking | J64: 4W EV Parking
A65: Ground floor | B65: 80 | C65: 80 | D65: 0 | E65: 28 | F65: 52 | G65: 0 | H65: 1 | I65: 6 | J65: 0
A66: 1st floor | B66: 107 | C66: 107 | D66: 0 | E66: 0 | F66: 107 | G66: 0 | H66: 0 | I66: 0 | J66: 4
A67: MLCP | B67: 103 | C67: 103 | D67: 0 | E67: 0 | F67: 103 | G67: 0 | H67: 0 | I67: 0 | J67: 0
A69: Additional Parking Floor Details
A70: Floor | B70: As Per Plan | C70: As Per Actual | D70: Stack | E70: Open | F70: Covered | G70: Visitor | H70: Reserved Parking | I70: 2W EV Parking | J70: 4W EV Parking
A71: 0 | B71: 0 | C71: 0 | D71: 0 | E71: 0 | F71: 0 | G71: 0 | H71: 0 | I71: 0 | J71: 0
A72: 0 | B72: 0 | C72: 0 | D72: 0 | E72: 0 | F72: 0 | G72: 0 | H72: 0 | I72: 0 | J72: 0
B74: Type of Staircase | C74: Quantity | D74: Type of Shaft | E74: Quantity | F74: Type of Gate | G74: Quantity | H74: Type of Basement | I74: Area (Sq. Ft) | J74: Quantity
A75: Crown | B75: Staircase | C75: 4 | D75: Plumbing | E75: 2 | F75: Entry Gate | G75: 1 | H75: NA | I75: NA | J75: NA
D76: IDF (Communication) | E76: 4 | F76: Exit Gate | G76: 1 | H76: NA | I76: NA | J76: NA
D77: HVAC | E77: 2 | F77: Vendor Movement Gate | G77: 0 | H77: NA | I77: NA | J77: NA
D78: Fire | E78: 6 | F78: HSD Yard Gate | G78: 1
D79: Ventilation (Pressurization) | E79: 7 | F79: Building Entry Exit Gates | G79: 1
D80: Electrical | E80: 3
D81: General Shafts (Empty) | E81: 0
A83: Tenant Floor Details
A84: Building Name | B84: Floor | C84: Unit | D84: Carpet Area(in sqft) | E84: Leased Area(in sqft) | F84: Super Built-up Area (in sqft)
A85: Crown | B85: Ground Floor | C85: SFT | E85: 25643.71 | F85: 25643.71
A86: Crown | B86: 1st floor | C86: SFT | E86: 7087.59 | F86: 7087.59
A87: Crown | B87: 2nd floor | C87: SFT | E87: 45969.67 | F87: 45969.67
A88: Crown | B88: 3rd floor | C88: SFT | E88: 35881.1 | F88: 35881.1
A89: Crown | B89: 4th floor | C89: SFT | E89: 35881.1 | F89: 35881.1
A90: Crown | B90: 5th floor | C90: SFT | E90: 35881.1 | F90: 35881.1
A91: Crown | B91: 6th floor | C91: SFT | E91: 32602.62 | F91: 32602.62
A92: Crown | B92: 7th floor | C92: SFT | E92: 35881.1 | F92: 35881.1
A93: Crown | B93: 8th floor | C93: SFT | E93: 35881.1 | F93: 35881.1
A107: Multiple selection of Building & Floor
A109: Tenant Details
A110: Client Name | B110: Client Common Name | C110: Client Agreement Cost | D110: Agreement No | E110: No of Employee | F110: No of OutSource Staff | G110: Total Employees | H110: Parking as per agreement | I110: Free Parking | J110: Paid Parking
A111: M/S Lam research | B111: M/S Lam research | E111: 1107 | F111: 100 | G111: =E111+F111 -> 1207 | H111: 290 | I111: 0 | J111: 290
A114: Parking Bifurcation
A115: Parking Commercial Arrangement | B115: Parking Allocated | C115: Parking Location | D115: Type of Parking
A116: Paid | B116: =28+43+9 -> 80 | C116: Ground floor | D116: Single
A117: Paid | B117: 107 | C117: 1st Floor | D117: Single
A118: Paid | B118: 103 | C118: MLCP | D118: Single
A123: Client Name | B123: Employee Name | C123: Email | D123: Mobile | E123: Designation
A124: M/S Lam resesrch | B124: Rathis Kumar | C124: Rathiskumar.Selvaraj@lamresearch.com | D124: 9741165536 | E124: Operation Head
A128: Site Organogram Details
A130: Cluster Head | B130: Complex Head | C130: Building Manager | D130: Shift Manager | E130: Cluster Technical SME | F130: Cluster Soft SME | G130: Cluster QHSE SME | H130: Cluster Horti SME | I130: Cluster Security SME | J130: Cluster Transition SME | K130: Cluster HVAC SME | L130: Cluster Electrical SME
A131: Manjunath KN | B131: Subramani | C131: Lakshmikantha T | E131: Rajshekar A S | F131: Venkatesh | G131: Deepak Mulley | H131: Raghu | I131: Karanakar | K131: Pandi murali | L131: Rajashekar AS
E132: Raghu B T
E133: Saravanan R M

Sheet Quay
A1: Site Detail
A3: Sr No | B3: Site Code | C3: Cluster | D3: Site Address | E3: Country | F3: State | G3: Region | H3: Type of Site | I3: Climatic Zone | J3: Sector | K3: Entity Owner | L3: Percentage
A4: 1 | B4: Quay | C4: India | D4: Bagmane Developers Pvt. Ltd. Laurel ’B’ Block, 5th Floor, Bagmane Tech Park, C V Raman Nagar, Bangalore – 560 093 | E4: India | F4: Karnataka | G4: South | H4: Multi Tenant | I4: Moderate | J4: Office | K4: Bagmane Quay Private Limited (BQPL) | L4: 1
A8: Building Name | B8: Building Type | C8: Green Certification | D8: Total Construction Area | E8: Total Saleable Area | F8: Total Landscaping Area | G8: Facade Area | H8: Building Construction Start Date | I8: Building Completion Date | J8: Building Handover Start Date | K8: Building Handover End Date
A9: Quay | B9: REIT | C9: LEED-Gold | D9: 850192.17 Sq. mtrs. | E9: 61263 Sq. mtrs. | F9: 15923.08 sq.ft | G9: 1050289 sq.ft | H9: 2018 | I9: 2020 | J9: 2020 | K9: 2021
D10: =10.764*850192.17 -> 9151468.5 | E10: =10.764*61263 -> 659434.93
A13: Floor Area Details
A14: Building Name | B14: Status | C14: Floor | D14: Floor Area (in sqft) | E14: Unit | G14: As per Fire NOC
A15: Quay | B15: Leased | C15: Ground floor | D15: 25350 | G15: 4254 Sq. Mtrs.
A16: Quay | B16: Leased | C16: 1st floor | D16: 45684 | G16: 4137 Sq. Mtrs.
A17: Quay | B17: Leased | C17: 2nd floor | D17: 74944 | G17: 5989 Sq. Mtrs.
A18: Quay | B18: Leased | C18: 3rd floor | D18: 74865 | G18: 5989 Sq. Mtrs.
A19: Quay | B19: Leased | C19: 4th floor | D19: 74923.55 | G19: 5989 Sq. Mtrs.
A20: Quay | B20: Leased | C20: 5th floor | D20: 69954.53 | G20: 5989 Sq. Mtrs.
A21: Quay | B21: Leased | C21: 6th floor | D21: 74659.97 | G21: 5989 Sq. Mtrs.
A22: Quay | B22: Leased | C22: 7th floor | D22: 74660 | G22: 5989 Sq. Mtrs.
A23: Quay | B23: Leased | C23: 8th floor | D23: 69296 | G23: 5989 Sq. Mtrs.
A24: Quay | B24: Leased | C24: 9th floor | D24: 74848 | G24: 5989 Sq. Mtrs.
A25: Quay | B25: Leased | C25: Terrace | D25: 12397.77 | G25: 1334 Sq. Mtrs.
A26: Quay | B26: Leased | C26: Basement-3 | D26: 78418.88 | G26: 7720 Sq. Mtrs.
... A28: Quay | B28: Leased | C28: Basement-1 | D28: 83659 | G28: 7630 Sq. Mtrs.
A30: Site Operational Details
A31: Type of connection | B31: No Of HT Meters | C31: No Of LT Meters (KWH) | D31: No Of Ammeters | E31: No Of Voltmeters | F31: Type Of Tarrif | G31: Service Provider | H31: Connected Load (KVA) | I31: Sanction Load(KVA) | J31: Contract Demand (KVA) | K31: Maximum Demand (KVA) | L31: Billing Demand (KVA) | M31: STP-Methodology | N31: STP Capacity (KLD)
A32: HT - Utility Block | B32: 2 | C32: 58 | D32: 27 | E32: 5 | F32: Commercial-HT2B | G32: BESCOM | H32: 5000 | I32: 5000 | J32: 5000 | K32: 2098 | L32: 4500 | M32: MBBR | N32: 350
A34: Air-condition Details
A35: Type of Air-condition | B35: Total HVAC Load (in TR)
A36: Water Cooled Chiller (2 Nos.) | B36: 700
A37: Air Cooled Chiller (1 Nos.) | B37: 350
A40: Water Source Details
A41: Type of Water Source | B41: Water Input (in KLD)
A42: Tanker | B42: 44
A43: Borewell | B43: 100
A44: STP | B44: 140
A46: Water Tank Details
A47: Type of Water Tank | B47: Location of Tank | C47: Tank Capacity(in KL) | D47: Size of Tank(in cu.ft.)
A48: Fire water tank - 1 | B48: Basement-1 | C48: 375 | D48: =C48*35.315 -> 13243.125
A49: Fire water tank - 2 | B49: Basement-1 | C49: 375 | D49: =C49*35.315 -> 13243.125
A50: Raw water tank | B50: Basement-1 | C50: 120 | D50: =C50*35.315 -> 4237.8
A51: Treated water tank | B51: Basement-1 | C51: 125 | D51: =C51*35.315 -> 4414.375
A52: Rain water tank | B52: Ground | C52: 130 | D52: =C52*35.315 -> 4590.95
A53: Fire water tank | B53: Terrace | C53: 121 | D53: =C53*35.315 -> 4273.115
A54: Treated water tank | B54: Terrace | C54: 172 | D54: =C54*35.315 -> 6074.18
A55: Flushing water tank | B55: Terrace | C55: 204 | D55: =C55*35.315 -> 7204.26
A56: Makeup tank (HVAC) | B56: Terrace | C56: 40 | D56: =C56*35.315 -> 1412.6
A57: STP treated water tank | B57: Basement-1 | C57: 140 | D57: =C57*35.315 -> 4944.1
A58: Storm water sump-1 | B58: Basement-3 | C58: 320 | D58: =C58*35.315 -> 11300.8
A59: Storm water sump-2 | B59: Basement-3 | C59: 50 | D59: =C59*35.315 -> 1765.75
A60: Storm water sump-3 | B60: Basement-3 | C60: 50 | D60: =C60*35.315 -> 1765.75
A63: Parking Floor Details
A64: Floor | B64: As Per Plan | C64: As Per Actual | D64: Stack | E64: Open | F64: Covered | G64: Visitor | H64: Reserved Parking | I64: 2W EV Parking | J64: 4W EV Parking
A65: Basement 3 | B65: 217 | C65: 217 | D65: 0 | E65: 0 | F65: 0 | G65: 0 | H65: 0 | I65: 0 | J65: 0
A66: Basement 2 | B66: 207 | C66: 207 | D66: 0 | E66: 0 | F66: 0 | G66: 0 | H66: 0 | I66: 0 | J66: 0
A67: Basement 1 | B67: 169 | C67: 169 | D67: 0 | E67: 0 | F67: 0 | G67: 0 | H67: 0 | I67: 0 | J67: 0
A69: Additional Parking Floor Details
A70: Floor | B70: As Per Plan | C70: As Per Actual | D70: Stack | E70: Open | F70: Covered | G70: Visitor | H70: Reserved Parking | I70: 2W EV Parking | J70: 4W EV Parking
A71: Ground | B71: 57 | C71: 57 | D71: 0 | E71: 0 | F71: 0 | G71: 0 | H71: 0 | I71: 0 | J71: 0
B73: Type of Staircase | C73: Quantity | D73: Type of Shaft | E73: Quantity | F73: Type of Gate | G73: Quantity | H73: Type of Basement | I73: Area (Sq. Ft) | J73: Quantity
A74: Quay | B74: Staircase | C74: 5 | D74: Plumbing | E74: 2 | F74: Entry Gate | G74: 1 | H74: Basement 3 | I74: 78418.88 | J74: 1
D75: IDF (Communication) | E75: 2 | F75: Exit Gate | G75: 1 | H75: Basement 2 | I75: 83142.52 | J75: 1
D76: HVAC | E76: 3 | F76: Vendor Movement Gate | G76: 0 | H76: Basement 1 | I76: 83659 | J76: 1
D77: Fire | E77: 6 | F77: HSD Yard Gate | G77: 1
D78: Ventilation (Pressurization) | E78: 2 | F78: Building Entry Exit Gates | G78: 2
D79: Electrical | E79: 4
D80: General Shafts (Empty) | E80: 0
A82: Tenant Floor Details
A83: Building Name | B83: Floor | C83: Unit | D83: Carpet Area(in sqft) | E83: Leased Area(in sqft) | F83: Super Built-up Area (in sqft)
B84: Ground floor | E84: 25350 | F84: 42351
B85: 1st floor | E85: 45684 | F85: 42001
B86: 2nd floor | E86: 74944 | F86: 64368
B87: 3rd floor | E87: 74865 | F87: 64310
B88: 4th floor | E88: 74923.55 | F88: 64252
B89: 5th floor | E89: 69954.53 | F89: 64739
B90: 6th floor | E90: 74659.97 | F90: 64096
B91: 7th floor | E91: 74660 | F91: 64096
B92: 8th floor | E92: 69296 | F92: 64002
B93: 9th floor | E93: 74848 | F93: 64219
B94: Terrace | E94: 12397.77 | F94: 12397.77
B95: Basement-3 | E95: 78418.88 | F95: 78418.88
... B97: Basement-1 | E97: 83659 | F97: 83659
A99: Multiple selection of Building & Floor
A101: Tenant Details
A102: Client Name | B102: Client Common Name | C102: Client Agreement Cost | D102: Agreement No | E102: No of Employee | F102: No of OutSource Staff | G102: Total Employees | H102: Parking as per agreement | I102: Free Parking | J102: Paid Parking
A103: Palo alto | B103: Palo alto () | C103: NA | D103: NA | E103: 1050 | F103: 200 | G103: 1340 | H103: 220 | I103: 220 | J103: 0
A104: PWC | B104: PWC () | C104: NA | D104: NA | E104: 2200 | F104: 150 | G104: 1800 | H104: 244 | I104: 244 | J104: 0
A105: Moodys | B105: Moodys () | C105: NA | D105: NA | E105: 400 | F105: 50 | G105: 650 | H105: 92 | I105: 92 | J105: 0
A106: Cardinal Health | B106: Cardinal Health () | C106: NA | D106: NA | E106: 400 | F106: 50 | G106: 620 | H106: 75 | I106: 75 | J106: 0
A107: Commvault | B107: Commvault () | C107: NA | D107: NA | E107: 550 | F107: 60 | G107: 580 | H107: 88 | I107: 88 | J107: 0
A109: Parking Bifurcation
A110: Parking Commercial Arrangement | B110: Parking Allocated | C110: Parking Location | D110: Type of Parking
A111: Paid | B111: 217 | C111: Basement 3 | D111: Stack
A112: Paid | B112: 207 | C112: Basement 2 | D112: Stack
A113: Paid | B113: 169 | C113: Basement 1 | D113: Stack
A114: Paid | B114: 57 | C114: Surface area | D114: Stack
A115: Paid | B115: 26 | C115: Laurel MLCP | D115: Stack
A116: Paid | B116: 30 | C116: Laurel Surface area | D116: Stack
A118: Client Name | B118: Employee Name | C118: Email | D118: Mobile | E118: Designation
A119: Palo alto | B119: Khurshid | C119: kanjum@paloaltonetworks.com | D119: 9123930773 | E119: Director, Workplace Resources
A120: PWC | B120: Sumanth | C120: sumanth.pathapati@pwc.com | D120: 9738387429 | E120: VP
A121: Moodys | B121: Varma | C121: Aditi.Varma@moodys.com | D121: 9582247399 | E121: AVP
A122: Cardinal Health | B122: Asifa | C122: asifa.begum@cardinalhealth.com | D122: 9731010002 | E122: Head, Facilities
...

Sheet Lakeview
A1: Site Detail
A3: Sr No | B3: Site Code | C3: Cluster | D3: Site Address | E3: Country | F3: State | G3: Region | H3: Type of Site | I3: Climatic Zone | J3: Sector | K3: Entity Owner | L3: Percentage
A4: 1 | B4: BTP | C4: India | D4: M/s Bagmane Developers Pvt. Ltd. Laurel 'B' Block,5th Floor,Bagmane Tech Park,C V Raman Nagar,Bangalore 560093 | E4: India | F4: Karnataka | G4: South | H4: Multi Tenant | I4: Moderate | J4: Office | K4: Bagmane Developers Private Limited (BDPL) | L4: 1
A8: Building Name | B8: Building Type | C8: Green Certification | D8: Total Construction Area | E8: Total Saleable Area | F8: Total Landscaping Area | G8: Facade Area | H8: Building Construction Start Date | I8: Building Completion Date | J8: Building Handover Start Date | K8: Building Handover End Date
A9: Lakeview | B9: REIT | C9: LEED-Platinum | D9: 53,242.85 Sq. mtrs. | E9: 50,454.57 Sq. mtrs. | F9: 24479 sq.ft | G9: 95638 sq.ft | H9: NA | I9: NA | J9: NA | K9: 2005
D10: =10.764*53242.85 -> 573106.04 | E10: =10.764*50454.57 -> 543092.99 | F10: 24479 | G10: 95638
A13: Floor Area Details | D13: Client | E13: A Block | G13: Client | H13: B Block
A14: Building Name | B14: Status | C14: Floor | E14: Floor Area (in sqft) | F14: Unit | H14: Floor Area (in sqft) | I14: Unit | J14: Floor Area (in sqft) | K14: Unit | M14: As per Fire NOC
A15: Utility Block | B15: Leased | C15: Ground Floor | J15: 67118.93 | L15: Ground Floor | M15: 6,235.55 Sq. mtrs.
A16: Office Block | B16: Leased | C16: 1st floor | D16: Alstom | J16: 59173.439 | L16: First Floor | M16: 5,497.39 Sq. mtrs.
A17: Office Block | B17: Leased | C17: 2nd floor | D17: UD Trucks | J17: 59173.439 | L17: Second Floor | M17: 5,497.39 Sq. mtrs.
A18: Office Block | B18: Leased | C18: 3rd floor | D18: SAP | J18: 60125.72 | L18: Third Floor | M18: 5,585.86 Sq. mtrs.
A19: Office Block | B19: Leased | C19: 4th floor | D19: Boeing | J19: 60125.72 | L19: Fourth Floor | M19: 5,585.86 Sq. mtrs.
A20: Office Block | B20: Leased | C20: 5th floor | D20: Texas Instruments | J20: 60125.72 | L20: Fifth Floor | M20: 5,585.86 Sq. mtrs.
A21: Office Block | B21: Leased | C21: 6th floor | D21: Boeing | J21: 56289.786 | L21: Sixth Floor | M21: 5,229.49 Sq. Mtrs.
A22: Office Block | B22: Leased | C22: 7th floor | D22: Texas Instruments | J22: 56289.786 | L22: Seventh Floor | M22: 5,229.49 Sq. Mtrs.
A23: Office Block | B23: Leased | C23: 8th floor | J23: 56289.786 | L23: Eighth Floor | M23: 5,229.49 Sq. Mtrs.
A24: MLCP | B24: Leased | C24: Ground Floor to 5th floor | J24: 94678.751 | K24: =J24/6 -> 15779.792 | M24: 8,795.94 Sq. Mtrs.
A26: Site Operational Details
A27: Type of connection | B27: No Of HT Meters | C27: No Of LT Meters (KWH) | D27: No Of Ammeters | E27: No Of Voltmeters | F27: Type Of Tarrif | G27: Service Provider | H27: Connected Load (KVA) | I27: Sanction Load(KVA) | J27: Contract Demand (KVA) | K27: Maximum Demand (KVA) | L27: Billing Demand (KVA) | M27: STP-Methodology | N27: STP Capacity (KLD)
A28: HT - Utility & Office Block | B28: 2 | C28: 97 | D28: 53 | E28: 52 | F28: Commercial-HT2b | G28: BESCOM | H28: 4300 | I28: 4300 | J28: 3870 | K28: 1758 | L28: 3870 | M28: ASP | N28: 250
A30: Air-condition Details
A31: Type of Air-condition | B31: Total HVAC Load (in TR) | I31: =L28/I28 -> 0.9
A32: Water Cooled Chiller | B32: NO
A33: Air Cooled Chiller (5 Nos.) | B33: 1500
A36: Water Source Details - Per month
A37: Type of Water Source | B37: Water Input (in KLD)
A38: Tanker | B38: 0
A39: Borewell | B39: 3434
A40: STP | B40: 2873
A42: Water Tank Details
A43: Type of Water Tank | B43: Location of Tank | C43: Tank Capacity(in KL) | D43: Size of Tank(in cu.ft.)
A44: Fire Sump | B44: A-Block Ground UG sump | C44: 250 | D44: =C44*35.3146 -> 8828.65
A45: Raw Sump | B45: A-Block Ground UG sump | C45: 80 | D45: =C45*35.3146 -> 2825.168
A46: Filter Sump | B46: A-Block Ground UG sump | C46: 80 | D46: =C46*35.3146 -> 2825.168
A47: Raw Sump | B47: B-Block Ground UG sump | C47: 80 | D47: =C47*35.3146 -> 2825.168
A48: Filter Sump | B48: B-Block Ground UG sump | C48: 80 | D48: =C48*35.3146 -> 2825.168
A49: Fire Tank | B49: A-Block Terrace | C49: 25 | D49: =C49*35.3146 -> 882.865
A50: Domestic Tank | B50: A-Block Terrace | C50: 32 | D50: =C50*35.3146 -> 1130.0672
A51: Gents Flush | B51: A-Block Terrace | C51: 12 | D51: =C51*35.3146 -> 423.7752
A52: Ladies Flush | B52: A-Block Terrace | C52: 12 | D52: =C52*35.3146 -> 423.7752
A53: Domestic Tank | B53: B-Block Terrace | C53: 35 | D53: =C53*35.3146 -> 1236.011
A54: Gents Flush | B54: B-Block Terrace | C54: 12 | D54: =C54*35.3146 -> 423.7752
A55: Ladies Flush | B55: B-Block Terrace | C55: 12 | D55: =C55*35.3146 -> 423.7752
... A58: Rest Room- North | B58: MLCP Terrace | C58: 5 | D58: =C58*35.3146 -> 176.573
A60: Parking Floor Details
A61: Floor | B61: As Per Plan | C61: As Per Actual | D61: Stack | E61: Open | F61: Covered | G61: Visitor | H61: Reserved Parking | I61: 2W EV Parking | J61: 4W EV Parking
A62: Ground floor | B62: 72 | C62: 72 | D62: 0 | E62: 0 | F62: 0 | G62: 0 | H62: 0 | I62: 0 | J62: 0
A63: First Floor | B63: 72 | C63: 72 | D63: 0 | E63: 0 | F63: 0 | G63: 0 | H63: 0 | I63: 0 | J63: 0
A64: Second Floor | B64: 72 | C64: 72 | D64: 0 | E64: 0 | F64: 0 | G64: 0 | H64: 0 | I64: 0 | J64: 0
A65: Third Floor | B65: 72 | C65: 72 | D65: 0 | E65: 0 | F65: 0 | G65: 0 | H65: 0 | I65: 0 | J65: 0
A66: Fourth Floor | B66: 72 | C66: 72 | D66: 0 | E66: 0 | F66: 0 | G66: 0 | H66: 0 | I66: 0 | J66: 2
A67: Fifth Floor | B67: 72 | C67: 72 | D67: 0 | E67: 0 | F67: 0 | G67: 0 | H67: 0 | I67: 0 | J67: 0
A68: Sixth Floor | B68: 72 | C68: 72 | D68: 0 | E68: 0 | F68: 0 | G68: 0 | H68: 0 | I68: 0 | J68: 0
A69: Surface Parking | B69: 129 | C69: 129 | D69: 0 | E69: 129 | F69: 0 | G69: 0 | H69: 0 | I69: 0 | J69: 0
A71: Additional Parking Floor Details
A72: Floor | B72: As Per Plan | C72: As Per Actual | D72: Stack | E72: Open | F72: Covered | G72: Visitor | H72: Reserved Parking | I72: 2W EV Parking | J72: 4W EV Parking
A73: 0 | B73: 0 | C73: 0 | D73: 0 | E73: 0 | F73: 0 | G73: 0 | H73: 0 | I73: 0 | J73: 0
A74: 0 | B74: 0 | C74: 0 | D74: 0 | E74: 0 | F74: 0 | G74: 0 | H74: 0 | I74: 0 | J74: 0
B76: Type of Staircase | C76: Quantity | D76: Type of Shaft | E76: Quantity | F76: Quantity | G76: Quantity | H76: Type of Gate | I76: Quantity | J76: Type of Basement | K76: Area (Sq. Ft) | L76: Quantity
A77: Lakeview Building | B77: Staircase | C77: 8 | D77: Plumbing | E77: 5 | F77: 3 | G77: 2 | H77: Entry Gate | I77: 1 | K77: 0 | L77: 0
D78: IDF (Communication) | E78: 5 | F78: 3 | G78: 2 | H78: Exit Gate | I78: 1 | K78: 0 | L78: 0
D79: HVAC | E79: 4 | F79: 2 | G79: 2 | H79: Vendor Movement Gate | I79: 0 | K79: 0 | L79: 0
D80: Fire | E80: 72 | F80: =E80/2 -> 36 | G80: 36 | H80: HSD Yard Gate | I80: 1
D81: Ventilation (Pressurization) | E81: 0 | F81: 0 | G81: 0 | H81: Building Entry Exit Gates | I81: 2
D82: Electrical | E82: 4 | F82: 2 | G82: 2
D83: General Shafts (Empty) | E83: 1 | F83: 1 | G83: 0
A85: Tenant Floor Details
A86: Building Name | B86: Floor | C86: Unit | D86: Carpet Area(in sqft) | E86: Leased Area(in sqft) | F86: Super Built-up Area (in sqft)
A87: Lakeview | B87: Ground Floor | E87: 15015
B88: 1st floor | E88: 65610
B89: 2nd floor | E89: 74091
B90: 3rd floor | E90: 74091
B91: 4th floor | E91: 74091
B92: 5th floor | E92: 74291
B93: 6th floor | E93: 74342
B94: 7th floor | E94: 74342
B95: 8th floor | E95: 46877
A97: Multiple selection of Building & Floor
A99: Tenant Details
A100: Client Name | B100: Client Common Name | C100: Client Agreement Cost | D100: Agreement No | E100: No of Employee | F100: No of OutSource Staff | G100: Total Employees | H100: Parking as per agreement | I100: Free Parking | J100: Paid Parking
A101: Texas Instruments | B101: Texas Instruments | E101: 2021 | F101: 62 | G101: =(F101+E101) -> 2083 | H101: 361 | I101: 0 | J101: 361
A102: Boeing India | B102: Boeing India | E102: 701 | F102: 50 | G102: =(F102+E102) -> 751 | H102: 90 | I102: 0 | J102: 90
A103: UD Trucks | B103: UD Trucks | E103: 386 | F103: 26 | G103: =(F103+E103) -> 412 | H103: 52 | I103: 0 | J103: 52
A104: Alstom | B104: Alstom | E104: 339 | F104: 15 | G104: =(F104+E104) -> 354 | H104: 54 | I104: 0 | J104: 54
A105: SAP Concur | B105: SAP Concur | E105: 365 | F105: 49 | G105: =(F105+E105) -> 414 | H105: 56 | I105: 0 | J105: 56
A106: Renesas | B106: Renesas | E106: 71 | F106: 4 | G106: =(F106+E106) -> 75 | H106: 23 | I106: 0 | J106: 23
A109: Parking Bifurcation
A110: Parking Commercial Arrangement | B110: Parking Allocated | C110: Parking Location | D110: Type of Parking
A118: Client Name | B118: Employee Name | C118: Email | D118: Mobile | E118: Designation
A119: Texas Instruments | B119: S A Ganesh | C119: ganesha@ti.com | D119: 9845853763 | E119: Facility Manager
A120: Boeing | B120: Arpitha H | C120: arpitha.hanumanthappa@boeing.com | D120: 8105350591 | E120: Facility Manager
A121: UD Trucks | B121: Muralikrishna | C121: murali.krishna@udtrucks.com | D121: 9845572096 | E121: Manager-Administration & Facility
A122: Alstom | B122: Thulasimani Murugan | C122: thulasimani.murugan@alstomgroup.com | D122: 6379773847 | E122: Senior Administration Officer
A123: SAP Concur | B123: Hemalatha Pramod | C123: hemalatha.pramad@sap.com | D123: 6364359659 /9900967005 | E123: Asst.Workplace Manager,Workplace Team
A124: Renesas | B124: P Subramanian | C124: p.subramanian.gx@renesas.com | D124: 9845188043 | E124: Facility Manager
A126: Site Organogram Details
A128: Cluster Head | B128: Complex Head | C128: Building Manager | D128: Shift Manager | E128: Cluster Technical SME | F128: Cluster Soft SME | G128: Cluster QHSE SME | H128: Cluster Horti SME | I128: Cluster Security SME | J128: Cluster Transition SME | K128: Cluster HVAC SME | L128: Cluster Electrical SME
A129: Manjunath KN | B129: Subramani.S | C129: kirankumar H T | E129: Rajshekar A S Raghu | F129: Venkatesh | G129: Charan B | H129: Sharan | I129: Karunakaran | L129: Rajashekar AS
C150: 15. UG STP WATER TANK
...

Sheet Lakeview Car Park Details
F1: Area (Sft) | J1: Parking Details
B2: Building Name | C2: Block | D2: Client Name | E2: Floor | F2: Carpet Area(in sqft) | G2: Leased Area(in sqft) | H2: Super Built-up Area (in sqft) | J2: Parking Floor | K2: No. of parkings as per Plan | L2: No. of parkings as on Actuals | M2: No. of Stack Parking | N2: No. of Open Parking | O2: No. of Covered Parking | P2: No. of Visitors Parking | Q2: No. of Reserved Parking | R2: No. of 2W Parking | S2: No. of 4W Parking
B3: Lakeview | C3: A | D3: - | E3: GF | J3: Ground Floor | K3: 200 | L3: 200 | M3: 0 | N3: 133 | O3: 67 | P3: 0 | Q3: 4 | R3: 0 | S3: 200
B4: Lakeview | C4: A | D4: Alstom | E4: 1st | G4: 38232 | H4: 38232 | J4: Ground Floor | K4: ='[1]Lakeview Summary'!C5+'[1]Lakeview Summary'!D5 -> 33 | L4: 33
B5: Lakeview | C5: A | D5: UD Trucks | E5: 2nd | G5: 42091 | H5: 42091
B6: Lakeview | C6: A | D6: SAP | E6: 3rd | G6: 42091 | H6: 42091
B7: Lakeview | C7: A | D7: Boeing | E7: 4th | G7: 42091 | H7: 42091
B8: Lakeview | C8: A | D8: Texas Instruments | E8: 5th | G8: 42091 | H8: 42091
B9: Lakeview | C9: A | D9: Boeing | E9: 6th | G9: 42465 | H9: 42465
B10: Lakeview | C10: A | D10: Texas Instruments | E10: 7th | G10: 42465 | H10: 42465
B11: Lakeview | C11: B | D11: Renesas | E11: GF | G11: 15015 | H11: 15015
B12: Lakeview | C12: B | D12: Texas Instruments | E12: 1st | G12: 27378 | H12: 27378
B13: Lakeview | C13: B | D13: Texas Instruments | E13: 2nd | G13: 32000 | H13: 32000
B14: Lakeview | C14: B | D14: Texas Instruments | E14: 3rd | G14: 32000 | H14: 32000
B15: Lakeview | C15: B | D15: Texas Instruments | E15: 4th | G15: 32000 | H15: 32000
B16: Lakeview | C16: B | D16: Texas Instruments | E16: 5th | G16: 32200 | H16: 32200
... B18: Lakeview | C18: B | D18: Texas Instruments | E18: 7th | G18: 31877 | H18: 31877
J20: MLCP Parking
I21: Client Name | J21: Parking Floor | K21: No. of parkings as per Plan | L21: No. of parkings as on Actuals | M21: No. of Stack Parking | N21: No. of Open Parking | O21: No. of Covered Parking | P21: No. of Visitors Parking | Q21: No. of Reserved Parking | R21: No. of 2W Parking | S21: No. of 4W Parking
I22: Texas Instruments, Boeing, Bagmane & Renesas | J22: Level 1 | K22: 72 | L22: 72 | M22: 0 | N22: 0 | O22: 72 | P22: 0 | Q22: 0 | R22: 0 | S22: 72
I23: Texas Instruments | J23: Level 2 | K23: 72 | L23: 72 | M23: 0 | N23: 0 | O23: 72 | P23: 0 | Q23: 0 | R23: 0 | S23: 72
I24: Texas Instruments | J24: Level 3 | K24: 72 | L24: 72 | M24: 0 | N24: 0 | O24: 72 | P24: 0 | Q24: 0 | R24: 0 | S24: 72
I25: Alstom& UD Trucks | J25: Level 4 | K25: 72 | L25: 72 | M25: 0 | N25: 0 | O25: 72 | P25: 0 | Q25: 0 | R25: 0 | S25: 72
I26: SAP Concur& Texas Instruments | J26: Level 5 | K26: 72 | L26: 72 | M26: 0 | N26: 0 | O26: 72 | P26: 0 | Q26: 0 | R26: 0 | S26: 72
I27: Boeing | J27: Level 6 | K27: 72 | L27: 72 | M27: 0 | N27: 0 | O27: 72 | P27: 0 | Q27: 0 | R27: 0 | S27: 72
I28: Texas Instruments | J28: Level 7 | K28: 72 | L28: 72 | M28: 0 | N28: 0 | O28: 72 | P28: 0 | Q28: 0 | R28: 0 | S28: 72
K47: Laurel ’B’ Block, 5th Floor, | L47: =CONCATENATE(K47,K48,K49) -> Laurel ’B’ Block, 5th Floor,Bagmane Tech Park, C V Raman Nagar,Bangalore – 560 093
K48: Bagmane Tech Park, C V Raman Nagar,
K49: Bangalore – 560 093 | L49: =16*18 -> 288
L50: =L49/40 -> 7.2
L51: =L50*103 -> 741.6 | M51: =140*18 -> 2520
M52: =60*18 -> 1080
M53: 742

Sheet Lakeview Car park Summary
B3: Lakeview Parking Summary
B4: Client | C4: GROUND FLOOR | D4: External | E4: MLCP | F4: MLCP Level details | G4: Total | H4: Actual allocation as per agreement
B5: Alstom | C5: 19 | D5: 14 | E5: 32 | F5: Level #3 - 32 | G5: =SUM(C5:E5) -> 65 | H5: =E5+D5+C5 -> 65
B6: UD Trucks | C6: 16 | D6: 0 | E6: 40 | F6: Level #3 - 40 | G6: =SUM(C6:E6) -> 56 | H6: =E6+D6+C6 -> 56
B7: SAP | C7: 20 | D7: 0 | E7: 36 | F7: Level #4 - 36 | G7: =SUM(C7:E7) -> 56 | H7: =E7+D7+C7 -> 56
B8: Texas Instruments | C8: 0 | D8: 98 | E8: 288 | F8: Level #1 - 36 Level # 2 - 72 Level #3 - 72 Level #4 - 36 Level #7 - 72 | G8: =SUM(C8:E8) -> 386 | H8: =E8+D8+C8 -> 386
B9: Boeing | C9: 0 | D9: 21 | E9: =72+19 -> 91 | F9: Level #1 - 19 Level #5 - 72 | G9: =SUM(C9:E9) -> 112 | H9: =E9+D9+C9 -> 112
B10: Renesas | C10: 12 | D10: 0 | E10: 11 | F10: Level #1 - 11 | G10: =SUM(C10:E10) -> 23 | H10: =E10+D10+C10 -> 23
B11: Bagmane | E11: 6 | F11: Level #1 - 6 | G11: =SUM(C11:E11) -> 6 | H11: =E11+D11+C11 -> 6
B12: Total | C12: =SUM(C5:C10) -> 67 | D12: =SUM(D5:D10) -> 133 | E12: =SUM(E5:E11) -> 504 | G12: =SUM(G5:G11) -> 704 | H12: =SUM(H5:H11) -> 704

Sheet Olympia
A1: Site Detail
A3: Sr No | B3: Site Code | C3: Cluster | D3: Site Address | E3: Country | F3: State | G3: Region | H3: Type of Site | I3: Climatic Zone | J3: Sector | K3: Entity Owner | L3: Percentage
A4: 1 | B4: Olympia | C4: India | D4: M/s Bagmane Developers Pvt. Ltd. Olympia Khata No66-1, Bagmane tech park, CV Raman nagar, Byrasandra village, KR puram | E4: India | F4: Karnataka | G4: South | H4: Multi Tenant | I4: Moderate | J4: Office | K4: Bagmane Developers Private Ltd | L4: 1
A8: Building Name | B8: Building Type | C8: Green Certification | D8: Total Construction Area | E8: Total Saleable Area | F8: Total Landscaping Area | G8: Facade Area | H8: Building Construction Start Date | I8: Building Completion Date | J8: Building Handover Start Date | K8: Building Handover End Date
A9: Olympia | D9: 330333 Sq feet | E9: 324042 sq feet | F9: 27351.06(in sqft) | G9: 87699(in sqft) | H9: NA | I9: 2003 | J9: NA | K9: NA
A13: Floor Area Details
A14: Building Name | B14: Status | C14: Floor | D14: Floor Area (in sqft) | E14: Unit | G14: As per Fire NOC
A15: Office Block | B15: Leased | C15: Ground Floor | D15: 37663.821 | G15: 4054.10 Sq. mtrs.
A16: Office Block | B16: Leased | C16: 1st floor | D16: 37663.82 | G16: 4054.10 Sq. mtrs.
A17: Office Block | B17: Leased | C17: 2nd floor | D17: 50013.433 | G17: 4646.40 Sq. mtrs.
A18: Office Block | B18: Leased | C18: 3rd floor | D18: 39893.09 | G18: 3706.19 Sq. Mtrs.
A19: Office Block | B19: Leased | C19: 4th floor | D19: 40606.52 | G19: 3772.47Sq. Mtrs.
A20: Office Block | B20: Leased | C20: 5th floor | D20: 41320.06 | G20: 3838.76 Sq. Mtrs.
A21: Office Block | B21: Leased | C21: 6th floor | D21: 42447.91 | G21: 3943.54 Sq. Mtrs.
A22: Office Block | B22: Leased | C22: 7th floor | D22: 48197 | G22: 4477.64 Sq. Mtrs
A25: Site Operational Details
A26: Type of connection | B26: No Of HT Meters | C26: No Of LT Meters (KWH) | D26: No Of Ammeters | E26: No Of Voltmeters | F26: Type Of Tarrif | G26: Service Provider | H26: Connected Load (KVA) | I26: Sanction Load(KVA) | J26: Contract Demand (KVA) | K26: Maximum Demand (KVA) | L26: Billing Demand (KVA) | M26: STP-Methodology | N26: STP Capacity (KLD)
A27: HT - Utility Block | B27: 4 | C27: 40 | D27: 34 | E27: 34 | F27: Commercial-1HT2B | G27: BESCOM | H27: 3650 | I27: =3000+1950 -> 4950 | J27: =3000+1950 -> 4950 | K27: =752+892 -> 1644 | L27: =2700+L28 -> 2700 | M27: ASP | N27: 100
A28: HT - Office Block
A30: Air-condition Details
A31: Type of Air-condition | B31: Total HVAC Load (in TR)
A32: Water Cooled Chiller | B32: NA
A33: Air Cooled Chiller (3 Nos.) | B33: =205*3 -> 615
A36: Water Source Details
A37: Type of Water Source | B37: Water Input (in KLD)
A38: Tanker | B38: NA
A39: Borewell | B39: 1057KL | C39: 80
A40: STP | B40: 1350KL | C40: 70
A42: Water Tank Details
A43: Type of Water Tank | B43: Location of Tank | C43: Tank Capacity(in KL) | D43: Size of Tank(in cu.ft.)
A44: Fire Water tank-1 | B44: Terrace OHT | C44: 19 | D44: =C44*35.3146 -> 670.9774
A45: Fire Water tank-2 Sump | B45: Ground | C45: 150 | D45: =C45*35.3146 -> 5297.19
A46: Raw Water tank | B46: Ground | C46: 100 | D46: =C46*35.3146 -> 3531.46
A47: Treated Water tank | B47: Ground | C47: 100 | D47: =C47*35.3146 -> 3531.46
A48: Rain Water tank - 1 | B48: Ground | C48: 600 | D48: =C48*35.3146 -> 21188.76
A49: STP Flushing tank | B49: Terrace | C49: 64 | D49: =C49*35.3146 -> 2260.1344
A50: Domestic tank | B50: Terrace | C50: 31 | D50: =C50*35.3146 -> 1094.7526
A51: Chiller makeup tank | B51: Terrace | C51: 1 | D51: =C51*35.3146 -> 35.3146
A52: Fire sump | B52: MLCP Ground floor | C52: 250 | D52: =C52*35.3146 -> 8828.65
A53: MLCP Ground floor OHT | B53: MLCP Terrace | C53: 35 | D53: =C53*35.3146 -> 1236.011
A54: Domestic tank | B54: MLCP Terrace | C54: 15 | D54: =C54*35.3146 -> 529.719
A55: STP Equalization tank | B55: Olympia STP | C55: 102 | D55: =C55*35.3146 -> 3602.0892
... A59: STP final water tank | B59: Olympia STP | C59: 40 | D59: =C59*35.3146 -> 1412.584
A60: Parking Floor Details
A61: Floor | B61: As Per Plan | C61: As Per Actual | D61: Stack | E61: Open | F61: Covered | G61: Visitor | H61: Reserved Parking | I61: 2W EV Parking | J61: 4W EV Parking
A62: MLCP Ground floor to 6th floor | B62: 315 | C62: 309 | D62: 0 | E62: 49 | F62: 260 | G62: 0 | H62: 0 | I62: 4 | J62: 2
A63: Ground Floor Surface area (Open Parking) | B63: 91 | C63: 111 | D63: 0 | E63: 111 | G63: 0 | H63: 0 | I63: 0 | J63: 0
A64: Ground Floor - 2 wheeler (Covered) | B64: 47 | C64: 47 | D64: 0 | E64: 0 | F64: 47 | G64: 0 | H64: 0 | I64: 0 | J64: 0 | N64: HVAC High side | O64: HVAC Low side | P64: RO Plant | Q64: Chemical Treatment Plant | R64: Electrical High Side | S64: Electrical low side | T64: Transformer | U64: Bus Duct raiser | V64: WTP | W64: PHE Systems | X64: STP | Y64: Lifts | Z64: BMS | AA64: CPM | AB64: CCTV | AC64: UPS | AD64: HSD | AE64: Basement Ventilation System | AF64: Fire Alarm System | AG64: Fire Protection System | AH64: Public Address System | AI64: Solar Systems | AJ64: Water Features | AK64: Diesel Generators | AL64: Boom Barriers
A66: Additional Parking Floor Details | S66: Main building structure | T66: Base build water proofing | U66: Façade systems | V66: Painting | W66: Epoxy | X66: Rest rooms | Y66: Façade Access System | Z66: Wet Cladding | AA66: Dry Cladding | AB66: PU Car parking | AC66: MS Works | AD66: SS Works | AE66: ACP Cladding | AF66: Corner guards | AG66: Z Louvers | AH66: Signages | AI66: Finishes
A67: Floor | B67: As Per Plan | C67: As Per Actual | D67: Stack | E67: Open | F67: Covered | G67: Visitor | H67: Reserved Parking | I67: 2W EV Parking | J67: 4W EV Parking | M67: HVAC High side | N67: HVAC High side | O67: =PROPER(N67) -> Hvac High Side | Q67: 1 | R67: Main building structure
A68: 0 | B68: 0 | C68: 0 | D68: 0 | E68: 0 | F68: 0 | G68: 0 | H68: 0 | I68: 0 | J68: 0 | M68: 2 | N68: HVAC Low side | O68: =PROPER(N68) -> Hvac Low Side | Q68: 2 | R68: Base build water proofing
A69: 0 | B69: 0 | C69: 0 | D69: 0 | E69: 0 | F69: 0 | G69: 0 | H69: 0 | I69: 0 | J69: 0 | M69: 3 | N69: RO Plant | O69: =PROPER(N69) -> Ro Plant | Q69: 3 | R69: Façade systems
M70: 4 | N70: Chemical Treatment Plant | O70: =PROPER(N70) -> Chemical Treatment Plant | Q70: 4 | R70: Painting
B71: Type of Staircase | C71: Quantity | D71: Type of Shaft | E71: Quantity | F71: Type of Gate | G71: Quantity | H71: Type of Basement | I71: Area (Sq. Ft) | J71: Quantity | M71: 5 | N71: Electrical High Side | O71: =PROPER(N71) -> Electrical High Side | Q71: 5 | R71: Epoxy
A72: Olympia | B72: Staircase | C72: 6 | D72: Plumbing | E72: 2 | F72: Entry Gate | G72: 1 | H72: NA | I72: NA | J72: NA | M72: 6 | N72: Electrical low side | O72: =PROPER(N72) -> Electrical Low Side | Q72: 6 | R72: Rest rooms
D73: IDF (Communication) | E73: 2 | F73: Exit Gate | G73: 1 | H73: NA | I73: NA | J73: NA | M73: 7 | N73: Transformer | O73: =PROPER(N73) -> Transformer | Q73: 7 | R73: Façade Access System
D74: HVAC | E74: 2 | F74: Vendor Movement Gate | G74: 0 | H74: NA | I74: NA | J74: NA | M74: 8 | N74: Bus Duct raiser | O74: =PROPER(N74) -> Bus Duct Raiser | Q74: 8 | R74: Wet Cladding
D75: Fire | E75: 54 | F75: HSD Yard Gate | G75: 2 | M75: 9 | N75: WTP | O75: =PROPER(N75) -> Wtp | Q75: 9 | R75: Dry Cladding
D76: Ventilation (Pressurization) | E76: 0 | F76: Building Entry Exit Gates | G76: 2 | M76: 10 | N76: PHE Systems | O76: =PROPER(N76) -> Phe Systems | Q76: 10 | R76: PU Car parking
D77: Electrical | E77: 3 | M77: 11 | N77: STP | O77: =PROPER(N77) -> Stp | Q77: 11 | R77: MS Works
D78: General Shafts (Empty) | E78: 0 | M78: 12 | N78: Lifts | O78: =PROPER(N78) -> Lifts | Q78: 12 | R78: SS Works
M79: 13 | N79: BMS | O79: =PROPER(N79) -> Bms | Q79: 13 | R79: ACP Cladding
A80: Tenant Floor Details | M80: 14 | N80: CPM | O80: =PROPER(N80) -> Cpm | Q80: 14 | R80: Corner guards
A81: Building Name | B81: Floor | C81: Unit | D81: Carpet Area(in sqft) | E81: Leased Area(in sqft) | F81: Super Built-up Area (in sqft) | M81: 15 | N81: CCTV | O81: =PROPER(N81) -> Cctv | Q81: 15 | R81: Z Louvers
B82: Ground Floor | E82: 37663.821 | M82: 16 | N82: UPS | O82: =PROPER(N82) -> Ups | Q82: 16 | R82: Signages
B83: 1st floor | E83: 37663.82 | M83: 17 | N83: HSD | O83: =PROPER(N83) -> Hsd | Q83: 17 | R83: Finishes
B84: 2nd floor | E84: 50013.433 | M84: 18 | N84: Basement Ventilation System | O84: =PROPER(N84) -> Basement Ventilation System
B85: 3rd floor | E85: 39893.09 | M85: 19 | N85: Fire Alarm System | O85: =PROPER(N85) -> Fire Alarm System
B86: 4th floor | E86: 40606.52 | M86: 20 | N86: Fire Protection System | O86: =PROPER(N86) -> Fire Protection System
B87: 5th floor | E87: 41320.06 | M87: 21 | N87: Public Address System | O87: =PROPER(N87) -> Public Address System
B88: 6th floor | E88: 42447.91 | M88: 22 | N88: Solar Systems | O88: =PROPER(N88) -> Solar Systems
B89: 7th floor | E89: 48197 | M89: 23 | N89: Water Features | O89: =PROPER(N89) -> Water Features
B90: Terrace | M90: 24 | N90: Diesel Generators | O90: =PROPER(N90) -> Diesel Generators
M91: 25 | N91: Boom Barriers | O91: =PROPER(N91) -> Boom Barriers
A92: Multiple selection of Building & Floor
A94: Tenant Details
A95: Client Name | B95: Client Common Name | C95: Client Agreement Cost | D95: Agreement No | E95: No of Employee | F95: No of OutSource Staff | G95: Total Employees | H95: Parking as per agreement | I95: Free Parking | J95: Paid Parking
A96: Olympia | B96: Multi Tenant | E96: 1700 | F96: 205 | G96: 1905 | H96: 467 | I96: 0 | J96: 467
A99: Parking Bifurcation
A100: Parking Commercial Arrangement | B100: Parking Allocated | C100: Parking Location | D100: Type of Parking
A101: Paid | C101: MLCP GF Floor | D101: Single
A102: Paid | C102: MLCP 1st Floor | D102: Single
A103: Paid | C103: MLCP 2nd Floor | D103: Single
A104: Paid | C104: MLCP 3rd Floor | D104: Single
A105: Paid | C105: MLCP 4th Floor | D105: Open text(19) & Motorola(27)
A106: Paid | C106: MLCP 5th Floor | D106: Single
A107: Paid | C107: MLCP 6th Floor | D107: Single
A108: Paid | C108: GF Floor | D108: Single
A110: Client Name | B110: Employee Name | C110: Email | D110: Mobile | E110: Designation
A111: Open text | B111: Tejus Mahendra | C111: tmahendra@opentext.com | D111: 9739695986 | E111: Blore Head
A112: Motorola | B112: Paramesh | C112: paramesh@motorola.com | D112: 9632216087 | E112: Assistant Manager
A113: Nike | B113: Srinivas | C113: Subramaniyam.Srinivasan@nike.com | D113: 9686684467 | E113: Facility Manager
A114: Vivero pre school | B114: Prashant | C114: prashant.mathur@viverointernational.com | D114: 7666915808
A115: Site Organogram Details
A117: Cluster Head | B117: Complex Head | C117: Building Manager | D117: Shift Manager | E117: Cluster Technical SME | F117: Cluster Soft SME | G117: Cluster QHSE SME | H117: Cluster Horti SME | I117: Cluster Security SME | J117: Cluster Transition SME | K117: Cluster HVAC SME | L117: Cluster Electrical SME
A118: Manjunath KN | B118: Subramani | C118: Kiran Kumar HT | E118: Rajshekar A S | F118: Venkatesh | G118: Charan B | H118: Sharan AM | I118: Karunakaran | L118: Rajashekar AS
E119: Raghu B T
E120: Saravanan R M

Sheet Commerz-1
A1: Site Detail
A3: Sr No | B3: Site Code | C3: Cluster | D3: Site Address | E3: Country | F3: State | G3: Region | H3: Type of Site | I3: Climatic Zone | J3: Sector | K3: Entity Owner | L3: Percentage
A4: 1 | B4: Commerz | C4: India | D4: M/s Bagmane Developers Pvt Ltd 66/1-3, Commerz - I Building (Retail - I), Bagmane Tech Park, CV Raman Nagar, Bengaluru-560093 | E4: India | F4: Karnataka | G4: South | H4: Multi Tenant | I4: Moderate | J4: Office | K4: Bagmane Developers Private Limited | L4: 1
A8: Building Name | B8: Building Type | C8: Green Certification | D8: Total Construction Area | E8: Total Saleable Area | F8: Total Landscaping Area | G8: Facade Area | H8: Building Construction Start Date | I8: Building Completion Date | J8: Building Handover Start Date | K8: Building Handover End Date
A9: Commerz-1 | C9: LEED-Gold | D9: 21252.95 Sq. mtrs. | E9: 228764.7 | F9: 510.02 sqft | G9: 70662 sqft | H9: 2004 | I9: 2006 | J9: 2006 | K9: 2006
D10: =10.764*21252.95 -> 228766.75
A13: Floor Area Details
A14: Building Name | B14: Status | C14: Floor | D14: Floor Area (in sqft) | E14: Unit | G14: As per Fire NOC
A15: Commerz-1 | B15: Leased | C15: Ground Floor | D15: 25111.23 | G15: 2332.91 Sq. mtrs.
A16: Commerz-1 | B16: Leased | C16: 1st floor | D16: 26498.37 | G16: 2461.78 Sq. mtrs.
A17: Commerz-1 | B17: Leased | C17: 2nd floor | D17: 25111.23 | G17: 2332.91 Sq. mtrs.
A18: Commerz-1 | B18: Leased | C18: 3rd floor | D18: 25793.23 | G18: 2396.27 Sq. mtrs.
A19: Commerz-1 | B19: Leased | C19: 4th floor | D19: 24455 | G19: 2271.95 Sq. mtrs.
A20: Commerz-1 | B20: Leased | C20: 5th floor | D20: 23919.34 | G20: 2222.18 Sq. Mtrs.
A21: Commerz-1 | B21: Leased | C21: 6th floor | D21: 21538 | G21: 2000.95 Sq. Mtrs.
A22: Commerz-1 | B22: Leased | C22: Upper Basement | D22: 28169.15 | G22: 2617 Sq. Mtrs.
A23: Commerz-1 | B23: Leased | C23: Lower Basement | D23: 28169.15 | G23: 2617 Sq. Mtrs.
A24: Site Operational Details
A25: Type of connection | B25: No Of HT Meters | C25: No Of LT Meters (KWH) | D25: No Of Ammeters | E25: No Of Voltmeters | F25: Type Of Tarrif | G25: Service Provider | H25: Connected Load (KVA) | I25: Sanction Load(KVA) | J25: Contract Demand (KVA) | K25: Maximum Demand (KVA) | L25: Billing Demand (KVA) | M25: STP-Methodology | N25: STP Capacity (KLD)
A26: HT - Commerz-1 | B26: 2 | C26: 165 | D26: 57 | E26: 51 | F26: Commercial-HT2B | G26: BESCOM | H26: 3600 | I26: 3600 | J26: 3600 | K26: 700 | L26: 3240 | M26: MBR | N26: 150
A27: HT - Commerz-1 | B27: 2 | F27: Commercial-HT2B | G27: BESCOM | H27: 400 | I27: 400 | J27: 400 | K27: 416 | L27: 360
H28: =SUM(H26:H27) -> 4000 | I28: =SUM(I26:I27) -> 4000 | J28: =SUM(J26:J27) -> 4000 | K28: =SUM(K26:K27) -> 1116 | L28: =SUM(L26:L27) -> 3600
A29: Air-condition Details
A30: Type of Air-condition | B30: Total HVAC Load (in TR)
A31: Water Cooled Chiller (2 Nos.) | B31: NA
A32: Air Cooled Chiller (6 Nos.) | B32: =150*6 -> 900
A35: Water Source Details (Monthly)
A36: Type of Water Source | B36: Water Input (in KLD)
A37: Tanker | B37: NA
A38: Borewell | B38: 60
A39: STP | B39: 50
A41: Water Tank Details
A42: Type of Water Tank | B42: Location of Tank | C42: Tank Capacity(in KL) | D42: Size of Tank(in cu.ft.)
A43: Fire Water tank-1 | B43: Lower Basement | C43: 200 | D43: =C43*35.3146 -> 7062.92
A44: Raw Water tank | B44: Lower Basement | C44: 75 | D44: =C44*35.3146 -> 2648.595
A45: Treated Water tank | B45: Lower Basement | C45: 75 | D45: =C45*35.3146 -> 2648.595
A46: Fire Water tank-1 | B46: Terrace | C46: 40 | D46: =C46*35.3146 -> 1412.584
A47: Domestic Treated Water tank - 1 | B47: Terrace | C47: 20 | D47: =C47*35.3146 -> 706.292
A48: Makeup tank - Flushing | B48: Terrace | C48: 10 | D48: =C48*35.3146 -> 353.146
A49: STP Raw (Equalisation Water Tank-1 | B49: Lower Basement | C49: 52 | D49: =C49*35.3146 -> 1836.3592
A50: STP Raw (Equalisation Water Tank-1 | B50: Lower Basement | C50: 64 | D50: =C50*35.3146 -> 2260.1344
A51: STP Aeration Tank | B51: Lower Basement | C51: 164 | D51: =C51*35.3146 -> 5791.5944
A52: STP Anoxic Tank | B52: Lower Basement | C52: 19 | D52: =C52*35.3146 -> 670.9774
A53: STP MBR Tank | B53: Lower Basement | C53: 43.5 | D53: =C53*35.3146 -> 1536.1851
A54: STP Final tank | B54: Lower Basement | C54: 105 | D54: =C54*35.3146 -> 3708.033
... A56: STP CIP Tank | B56: Lower Basement | C56: 0.5 | D56: =C56*35.3146 -> 17.6573
A65: Parking Floor Details
A66: Floor | B66: As Per Plan | C66: As Per Actual | D66: Stack | E66: Open | F66: Covered | G66: Visitor | H66: Reserved Parking | I66: 2W EV Parking | J66: 4W EV Parking
A67: Upper basement | B67: NA | C67: 84 | D67: 0 | E67: 0 | F67: 84 | G67: 0 | H67: 0 | I67: 0 | J67: 1
A68: Lower basement | B68: NA | C68: 98 | D68: 0 | E68: 0 | F68: 98 | G68: 0 | H68: 0 | I68: 0 | J68: 15
A69: Ground floor | B69: NA | C69: 0 | D69: 0 | E69: 12 | F69: 0 | G69: 0 | H69: 0 | I69: 0 | J69: 0
A71: Additional Parking Floor Details
A72: Floor | B72: As Per Plan | C72: As Per Actual | D72: Stack | E72: Open | F72: Covered | G72: Visitor | H72: Reserved Parking | I72: 2W EV Parking | J72: 4W EV Parking
A73: 0 | B73: 0 | C73: 0 | D73: 0 | E73: 0 | F73: 0 | G73: 0 | H73: 0 | I73: 0 | J73: 0
A74: 0 | B74: 0 | C74: 0 | D74: 0 | E74: 0 | F74: 0 | G74: 0 | H74: 0 | I74: 0 | J74: 0
B76: Type of Staircase | C76: Quantity | D76: Type of Shaft | E76: Quantity | F76: Type of Gate | G76: Quantity | H76: Type of Basement | I76: Area (Sq. Ft) | J76: Quantity
A77: Commerz-1 | B77: Staircase | C77: 3 | D77: Plumbing | E77: 2 | F77: Entry Gate | G77: 1 | H77: Upper basement | I77: 28169.15 | J77: 1
D78: IDF (Communication) | E78: 3 | F78: Exit Gate | G78: 1 | H78: Lower basement | I78: 28169.15 | J78: 1
D79: HVAC | E79: 2 | F79: Vendor Movement Gate | G79: NA
D80: Fire | E80: 24 | F80: HSD Yard Gate | G80: NA
D81: Ventilation (Pressurization) | E81: NA | F81: Building Entry Exit Gates | G81: NA
D82: Electrical | E82: 3
D83: General Shafts (Empty) | E83: 1
A85: Tenant Floor Details
A86: Building Name | B86: Floor | C86: Unit | D86: Carpet Area(in sqft) (As per Fire Noc) | E86: Leased Area(in sqft) | F86: Super Built-up Area (in sqft)
A87: Commerz-1 | B87: Ground Floor | D87: 25111.23
A88: Commerz-1 | B88: 1st floor | D88: 26498.37
A89: Commerz-1 | B89: 2nd floor | D89: 25111.23
A90: Commerz-1 | B90: 3rd floor | D90: 25793.23
A91: Commerz-1 | B91: 4th floor | D91: 24455
A92: Commerz-1 | B92: 5th floor | D92: 23919.34
A93: Commerz-1 | B93: 6th floor | D93: 21538
A94: Commerz-1 | B94: Upper basement | D94: 28169.15
A95: Commerz-1 | B95: Lower basement | D95: 28169.15
A99: Multiple selection of Building & Floor
A101: Tenant Details
A102: Client Name | B102: Client Common Name | C102: Client Agreement Cost | D102: Agreement No | E102: No of Employee | F102: No of OutSource Staff | G102: Total Employees | H102: Parking as per agreement | I102: Free Parking | J102: Paid Parking
A103: Informatica | B103: Informatica | C103: NA | D103: NA | E103: 900 | G103: =E103+F103 -> 900 | H103: 109 | I103: 0
A104: Cisco | B104: Cisco | C104: NA | D104: NA | E104: 200 | G104: =E104+F104 -> 200 | H104: 38 | I104: 0
A105: Vialto | B105: Vialto | C105: NA | D105: NA | E105: 290 | G105: =E105+F105 -> 290 | H105: 19 | I105: 0
A106: State Bank of India | B106: State Bank of India | C106: NA | D106: NA | E106: 10 | G106: =E106+F106 -> 10 | H106: 1 | I106: 0
A107: Union Bank of India | B107: Union Bank of India | C107: NA | D107: NA | E107: 10 | G107: =E107+F107 -> 10 | H107: 1 | I107: 0
A108: Food court outlets
A109: Parking Bifurcation
A110: Parking Commercial Arrangement | B110: Parking Allocated | C110: Parking Location | D110: Type of Parking
A111: Paid | C111: Upper basement | D111: Single
A112: Paid | C112: Lower basement | D112: Single
A113: Paid | C113: Ground Floor | D113: Single
A115: Client Name | B115: Employee Name | C115: Email | D115: Mobile | E115: Designation
A116: Informatica | B116: Kallendra Jayaram | C116: kjayaram@informatica.com | D116: 9591840222 | E116: Sr Manager
A117: Informatica | B117: Surendranath Singh | C117: sursingh@informatica.com | D117: 96736 99991 | E117: Senior Director
A118: Cisco | B118: Raju Thakuri | C118: rthakuri@cisco.com | D118: 9008287561 | E118: Building Manager
A119: Vialto | B119: Naveen Basco | C119: naveen.basco@vialto.com | D119: 9535816630 | E119: Manager
A120: State Bank of India | B120: Vivek Yadav | C120: sbi.11348@sbi.co.in | D120: 9449866543 | E120: Branch Manager
A121: Union Bank of India | B121: Yogesh Singh | C121: ubin0920657@unionbankofindia.bank | D121: 9956422838 | E121: Branch Manager
A122: Site Organogram Details
A124: Cluster Head | B124: Complex Head | C124: Building Manager | D124: Shift Manager | E124: Cluster Technical SME | F124: Cluster Soft SME | G124: Cluster QHSE SME | H124: Cluster Horti SME | I124: Cluster Security SME | J124: Cluster Transition SME | K124: Cluster HVAC SME | L124: Cluster Electrical SME
A125: Manjunath KN | B125: Subramani | C125: Nitin V Nair | E125: Rajshekar A S | F125: Venkatesh S | G125: Charan B | H125: Sharan AM | I125: Karunakaran | L125: Rajashekar AS
E126: Raghu B T
E127: Saravanan R M

Sheet Commerz 1 Parking Details
F1: Area (Sft) | J1: Parking Details
B2: Building Name | D2: Client Name | E2: Floor | F2: Carpet Area(in sqft) | G2: Leased Area(in sqft) | H2: Super Built-up Area (in sqft) | J2: Parking Floor | K2: No. of parkings as per Plan | L2: No. of parkings as on Actuals | M2: No. of Stack Parking | N2: No. of Open Parking | O2: No. of Covered Parking | P2: No. of Visitors Parking | Q2: No. of Reserved Parking | R2: No. of 2W Parking | S2: No. of 4W Parking
B3: Commerz 1 | D3: Retail | E3: GF | G3: 25111 | H3: 25111 | K3: NA | L3: NA | M3: NA | N3: NA | O3: NA | P3: NA | Q3: NA | R3: NA | S3: NA
B4: Commerz 1 | D4: HDFC Bank | E4: GF | K4: NA | L4: NA | M4: NA | N4: NA | O4: NA | P4: NA | Q4: NA | R4: NA | S4: NA
B5: Commerz 1 | D5: State Bank Of India | E5: 1st | G5: 1802 | H5: 1802 | J5: Upper Basement | K5: 4 | L5: 4 | M5: 0 | N5: 0 | O5: 4 | P5: 0 | Q5: 0 | R5: 0 | S5: 4
B6: Commerz 1 | D6: Union Bank of Inida | E6: 1st | G6: 1425 | H6: 1425 | J6: Upper Basement | K6: 1 | L6: 1 | M6: 0 | N6: 0 | O6: 1 | P6: 0 | Q6: 0 | R6: 0 | S6: 1
B7: Commerz 1 | D7: Informatica | E7: 1st | G7: 25096 | H7: 25096 | J7: Lower basement | K7: 10 | L7: 10 | M7: 0 | N7: 0 | O7: 10 | P7: 0 | Q7: 0 | R7: 0 | S7: 10
B8: Commerz 1 | D8: Vialto | E8: 2nd | G8: 32735 | H8: 32735 | J8: Upper Basement | K8: 19 | L8: 19 | M8: 0 | N8: 0 | O8: 19 | P8: 0 | Q8: 0 | R8: 0 | S8: 19
B9: Commerz 1 | D9: - | E9: 3rd | G9: 30122 | H9: 30122 | J9: Upper Basement & Ground floor | K9: 31 & 7 | L9: 31 & 7 | M9: 0 | N9: 7 | O9: 31 | P9: 0 | Q9: 0 | R9: 0 | S9: 38
B10: Commerz 1 | D10: Cisco | E10: 4th | G10: 30122 | H10: 30122 | J10: Upper Basement | K10: 38 | L10: 38 | M10: 0 | N10: 0 | O10: 38 | P10: 0 | Q10: 0 | R10: 0 | S10: 38
B11: Commerz 1 | D11: Informatica | E11: 5th | G11: 29623 | H11: 29623 | J11: Upper Basement & Ground floor | K11: 87+5 | L11: 87+5 | M11: 0 | N11: 5 | O11: 87 | P11: 0 | Q11: 0 | R11: 0 | S11: 92
B12: Commerz 1 | D12: Informatica | E12: 6th | G12: 29623 | H12: 29623
J15: MLCP Parking
I16: Client Name | J16: Parking Floor | K16: No. of parkings as per Plan | L16: No. of parkings as on Actuals | M16: No. of Stack Parking | N16: No. of Open Parking | O16: No. of Covered Parking | P16: No. of Visitors Parking | Q16: No. of Reserved Parking | R16: No. of 2W Parking | S16: No. of 4W Parking
J17: Level 1
J18: Level 2
J19: Level 3
J20: Level 4
J21: Level 5
J22: Level 6
J23: Level 7
J24: Level 8

Sheet Commerz-2
A1: Site Detail
A3: Sr No | B3: Site Code | C3: Cluster | D3: Site Address | E3: Country | F3: State | G3: Region | H3: Type of Site | I3: Climatic Zone | J3: Sector | K3: Entity Owner | L3: Percentage
A4: 1 | B4: Commerz 2 | C4: India | D4: M/s Bgmane Developers Pvt Ltd 66/1-3 - Commerz 2, Commerz Bagmane Tech park Byrasandra CV Raman Nagar-560093 | E4: India | F4: Karnataka | G4: South | H4: Single Tenant | I4: Moderate | J4: Office | K4: Bagmane Developers Private Limited | L4: 1
A8: Building Name | B8: Building Type | C8: Green Certification | D8: Total Construction Area | E8: Total Saleable Area | F8: Total Landscaping Area | G8: Facade Area | H8: Building Construction Start Date | I8: Building Completion Date | J8: Building Handover Start Date | K8: Building Handover End Date
A9: Commerz-2 | C9: LEED-Platinum | D9: 220326.48 Sq. mtrs. | E9: 220617 | F9: 3463.97 sqft | G9: 40878 sqft | H9: 2008 | I9: 2010 | J9: 2010 | K9: 2010
D10: =10.764*220326.48 -> 2371594.2
A13: Floor Area Details
A14: Building Name | B14: Status | C14: Floor | D14: Floor Area (in sqft) | E14: Unit | G14: As per Fire NOC
A15: Commerz-2 | B15: Leased (MLCP) | C15: Ground Floor | D15: 13637.87 | G15: 1267 Sq. mtrs.
A16: Commerz-2 | B16: Leased (MLCP) | C16: 1st floor | D16: 13853.15 | G16: 1287 Sq. mtrs.
A17: Commerz-2 | B17: Leased (MLCP) | C17: 2nd floor | D17: 13853.15 | G17: 1287 Sq. mtrs.
A18: Commerz-2 | B18: Leased (MLCP) | C18: 3rd floor | D18: 25887.2 | G18: 2405 Sq. mtrs.
A19: Commerz-2 | B19: Leased (MLCP) | C19: 4th floor | D19: 25887.2 | G19: 2405 Sq. mtrs.
A20: Commerz-2 | B20: Leased (office floor) | C20: 5th floor | D20: 25499.7 | G20: 2369 Sq. mtrs
A21: Commerz-2 | B21: Leased (office floor) | C21: 6th floor | D21: 25499.7 | G21: 2369 Sq. mtrs
A22: Commerz-2 | B22: Leased (office floor) | C22: 7th floor | D22: 25499.7 | G22: 2369 Sq. mtrs
A23: Commerz-2 | B23: Leased (office floor) | C23: 8th floor | D23: 25499.7 | G23: 2369 Sq. mtrs
A24: Commerz-2 | B24: Leased (office floor) | C24: 9th floor | D24: 25499.7 | G24: 2369 Sq. mtrs
A26: Site Operational Details
A27: Type of connection | B27: No Of HT Meters | C27: No Of LT Meters (KWH) | D27: No Of Ammeters | E27: No Of Voltmeters | F27: Type Of Tarrif | G27: Service Provider | H27: Connected Load (KVA) | I27: Sanction Load(KVA) | J27: Contract Demand (KVA) | K27: Maximum Demand (KVA) | L27: Billing Demand (KVA) | M27: STP-Methodology | N27: STP Capacity (KLD)
A28: HT - Commerz-2 | B28: 2 | C28: 66 | D28: 17 | E28: 13 | F28: Industrial-HT2A | G28: BESCOM | H28: 1650 | I28: 1650 | J28: 1650 | L28: 1485 | M28: SBR | N28: 150
A31: Air-condition Details
A32: Type of Air-condition | B32: Total HVAC Load (in TR)
A33: Water Cooled Chiller (2 Nos.) | B33: NA
A34: Air Cooled Chiller (2 Nos.) | B34: =250*2 -> 500
A37: Water Source Details
A38: Type of Water Source | B38: Water Input (in KLD)
A39: Tanker | B39: NA
A40: Borewell | B40: 20
A41: STP | B41: 25
A43: Water Tank Details
A44: Type of Water Tank | B44: Location of Tank | C44: Tank Capacity(in KL) | D44: Size of Tank(in cu.ft.)
A45: Fire Water tank-1 | B45: Ground Floor | C45: 250 | D45: =C45*35.3146 -> 8828.65
A46: Raw Water tank | B46: Ground Floor | C46: 75 | D46: =C46*35.3146 -> 2648.595
A47: Fire Water tank-1 | B47: Terrace | C47: 40 | D47: =C47*35.3146 -> 1412.584
A48: Domestic Treated Water tank - 1 | B48: Terrace | C48: 20 | D48: =C48*35.3146 -> 706.292
A49: Makeup tank - Flushing | B49: Terrace | C49: 10 | D49: =C49*35.3146 -> 353.146
A50: STP Raw Water Tank | B50: Ground Floor | C50: 67.8 | D50: =C50*35.3146 -> 2394.3299
A51: STP Aeration Tank-1 | B51: Ground Floor | C51: 63.3 | D51: =C51*35.3146 -> 2235.4142
A52: STP Aeration Tank-2 | B52: Ground Floor | C52: 63.3 | D52: =C52*35.3146 -> 2235.4142
A53: STP Sludge Holding tank | B53: Ground Floor | C53: 17.5 | D53: =C53*35.3146 -> 618.0055
A54: STP Garden tank | B54: Ground Floor | C54: 58.5 | D54: =C54*35.3146 -> 2065.9041
A55: US Treated water tank | B55: Ground Floor | C55: 84.2 | D55: =C55*35.3146 -> 2973.4893
A58: Parking Floor Details
A59: Floor | B59: As Per Plan | C59: As Per Actual | D59: Stack | E59: Open | F59: Covered | G59: Visitor | H59: Reserved Parking | I59: 2W EV Parking | J59: 4W EV Parking
A60: 4th Floor | B60: NA | C60: 28 | D60: 0 | E60: 0 | F60: 28 | G60: 0 | H60: 0 | I60: 0 | J60: 0
A61: 3rd Floor | B61: NA | C61: 84 | D61: 0 | E61: 0 | F61: 84 | G61: 0 | H61: 0 | I61: 0 | J61: 18
A62: 2nd Floor | B62: NA | C62: 29 | D62: 0 | E62: 0 | F62: 29 | G62: 0 | H62: 0 | I62: 0 | J62: 8
A63: 1st Floor | B63: NA | C63: 27 | D63: 0 | E63: 0 | F63: 27 | G63: 0 | H63: 0 | I63: 0 | J63: 22
A64: GF Floor | B64: NA | C64: 19 | D64: 0 | E64: 0 | F64: 19 | G64: 0 | H64: 0 | I64: 0 | J64: 6
A66: Additional Parking Floor Details
A67: Floor | B67: As Per Plan | C67: As Per Actual | D67: Stack | E67: Open | F67: Covered | G67: Visitor | H67: Reserved Parking | I67: 2W EV Parking | J67: 4W EV Parking
A68: 0 | B68: 0 | C68: 0 | D68: 0 | E68: 0 | F68: 0 | G68: 0 | H68: 0 | I68: 0 | J68: 0
A69: 0 | B69: 0 | C69: 0 | D69: 0 | E69: 0 | F69: 0 | G69: 0 | H69: 0 | I69: 0 | J69: 0
B71: Type of Staircase | C71: Quantity | D71: Type of Shaft | E71: Quantity | F71: Type of Gate | G71: Quantity | H71: Type of Basement | I71: Area (Sq. Ft) | J71: Quantity
A72: Commerz-2 | B72: Staircase | C72: 2 | D72: Plumbing | E72: 2 | F72: Entry Gate | G72: 1
D73: IDF (Communication) | E73: 2 | F73: Exit Gate | G73: 1
C74: 0 | D74: HVAC | E74: 2 | F74: Vendor Movement Gate | G74: NA
D75: Fire | E75: 3 | F75: HSD Yard Gate | G75: 1
D76: Ventilation (Exhaust) | E76: 2 | F76: Building Entry Exit Gates | G76: 2
D77: Electrical | E77: 2
D78: General Shafts (Empty) | E78: 1
A80: Tenant Floor Details
A81: Building Name | B81: Floor | C81: Unit | D81: Carpet Area(in sqft) (As per Fire NOC) | E81: Leased Area(in sqft) | F81: Super Built-up Area (in sqft)
A82: Commerz-2 | B82: Ground Floor | D82: 13637.87
A83: Commerz-2 | B83: 1st floor | D83: 13853.15
A84: Commerz-2 | B84: 2nd floor | D84: 13853.15
A85: Commerz-2 | B85: 3rd floor | D85: 25887.2
A86: Commerz-2 | B86: 4th floor | D86: 25887.2
A87: Commerz-2 | B87: 5th floor | D87: 25499.7
A88: Commerz-2 | B88: 6th floor | D88: 25499.7
A89: Commerz-2 | B89: 7th floor | D89: 25499.7
A90: Commerz-2 | B90: 8th floor | D90: 25499.7
A91: Commerz-2 | B91: 9th floor | D91: 25499.7
A94: Multiple selection of Building & Floor
A96: Tenant Details
A97: Client Name | B97: Client Common Name | C97: Client Agreement Cost | D97: Agreement No | E97: No of Employee | F97: No of OutSource Staff | G97: Total Employees | H97: Parking as per agreement | I97: Free Parking | J97: Paid Parking
A98: Informatica | B98: Informatica | C98: NA | D98: NA | E98: 2000 | G98: =E98+F98 -> 2000 | H98: 200 | J98: 0
A100: Parking Bifurcation
A101: Parking Commercial Arrangement | B101: Parking Allocated | C101: Parking Location | D101: Type of Parking
A102: Paid | C102: Ground Floor | D102: Single
A103: Paid | C103: 1st floor | D103: Single
A104: Paid | C104: 2nd floor | D104: Single
A105: Paid | C105: 3rd floor | D105: Single
A106: Paid | C106: 4th floor | D106: Single
A108: Client Name | B108: Employee Name | C108: Email | D108: Mobile | E108: Designation
A109: Informatica | B109: Kallendra Jayaram | C109: kjayaram@informatica.com | D109: 9591840222 | E109: Sr Manager
A110: Informatica | B110: Surendranath Singh | C110: sursingh@informatica.com | D110: 96736 99991 | E110: Senior Director
A115: Site Organogram Details
A117: Cluster Head | B117: Complex Head | C117: Building Manager | D117: Shift Manager | E117: Cluster Technical SME | F117: Cluster Soft SME | G117: Cluster QHSE SME | H117: Cluster Horti SME | I117: Cluster Security SME | J117: Cluster Transition SME | K117: Cluster HVAC SME | L117: Cluster Electrical SME
A118: Manjunath KN | B118: Subramani | C118: Nitin V Nair | E118: Rajshekar A S | F118: Venkatesh S | G118: Charan B | H118: Sharan AM | I118: Karunakaran | L118: Rajashekar AS
E119: Raghu B T
E120: Saravanan R M

Sheet Commerz 2 Parking Details
F1: Area (Sft) | J1: Parking Details
B2: Building Name | D2: Client Name | E2: Floor | F2: Carpet Area(in sqft) | G2: Leased Area(in sqft) | H2: Super Built-up Area (in sqft) | J2: Parking Floor | K2: No. of parkings as per Plan | L2: No. of parkings as on Actuals | M2: No. of Stack Parking | N2: No. of Open Parking | O2: No. of Covered Parking | P2: No. of Visitors Parking | Q2: No. of Reserved Parking | R2: No. of 2W Parking | S2: No. of 4W Parking
B3: Commerz 2 | D3: Informatica | E3: GF (MLCP) | G3: 13637.87 | H3: 13637.87
B4: Commerz 2 | D4: Informatica | E4: 1st (MLCP) | G4: 13853.15 | H4: 13853.15
B5: Commerz 2 | D5: Informatica | E5: 2nd (MLCP) | G5: 13853.15 | H5: 13853.15
B6: Commerz 2 | D6: Informatica | E6: 3rd (MLCP) | G6: 25887 | H6: 25887
B7: Commerz 2 | D7: Informatica | E7: 4th (MLCP) | G7: 25887 | H7: 25887
B8: Commerz 2 | D8: Informatica | E8: 5th | G8: 29986 | H8: 29986
B9: Commerz 2 | D9: Informatica | E9: 6th | G9: 29986 | H9: 29986
B10: Commerz 2 | D10: Informatica | E10: 7th | G10: 29986 | H10: 29986
B11: Commerz 2 | D11: Informatica | E11: 8th | G11: 29986 | H11: 29986
B12: Commerz 2 | D12: Informatica | E12: 9th | G12: 29986 | H12: 29986
J15: MLCP Parking
I16: Client Name | J16: Parking Floor | K16: No. of parkings as per Plan | L16: No. of parkings as on Actuals | M16: No. of Stack Parking | N16: No. of Open Parking | O16: No. of Covered Parking | P16: No. of Visitors Parking | Q16: No. of Reserved Parking | R16: No. of 2W Parking | S16: No. of 4W Parking
I17: Informatica | J17: GF | K17: 19 | L17: 19 | M17: 0 | N17: 0 | O17: 19 | P17: 0 | Q17: 0 | R17: 0 | S17: 0
J18: 1F | K18: 27 | L18: 27 | M18: 0 | N18: 0 | O18: 27 | P18: 0 | Q18: 0 | R18: 0 | S18: 0
J19: 2F | K19: 29 | L19: 29 | M19: 0 | N19: 0 | O19: 29 | P19: 0 | Q19: 0 | R19: 0 | S19: 0
J20: 3F | K20: 84 | L20: 84 | M20: 0 | N20: 0 | O20: 84 | P20: 0 | Q20: 0 | R20: 0 | S20: 0
J21: 4F | K21: 28 | L21: 28 | M21: 0 | N21: 0 | O21: 28 | P21: 0 | Q21: 0 | R21: 0 | S21: 0
